StartDevice,StartPort,EndDevice,EndPort,BandWidth,VlanID,VlanMode

strtk5a-7260cx3-root,Ethernet1/1,strtk5a-7260cx3-fan-01,Ethernet65,10000,100-163,Trunk
strtk5a-7260cx3-root,Ethernet2/1,strtk5a-7260cx3-fan-02,Ethernet65,10000,164-227,Trunk
strtk5a-7260cx3-root,Ethernet3/1,strtk5a-7260cx3-fan-03,Ethernet65,10000,228-291,Trunk
strtk5a-7260cx3-root,Ethernet4/1,strtk5a-7260cx3-fan-04,Ethernet65,10000,292-355,Trunk
strtk5a-7260cx3-root,Ethernet5/1,strtk5a-7260cx3-fan-05,Ethernet65,10000,356-419,Trunk
strtk5a-7260cx3-root,Ethernet6/1,strtk5a-7260cx3-fan-06,Ethernet65,10000,420-483,Trunk
strtk5a-7260cx3-root,Ethernet7/1,strtk5a-7260cx3-fan-07,Ethernet65,10000,484-603,Trunk
strtk5a-7260cx3-root,Ethernet8/1,strtk5a-7260cx3-fan-08,Ethernet65,10000,604-723,Trunk
strtk5a-7260cx3-root,Ethernet9/1,strtk5a-7260cx3-fan-09,Ethernet65,10000,724-843,Trunk
strtk5a-7260cx3-root,Ethernet10/1,strtk5a-7260cx3-fan-10,Ethernet65,10000,844-963,Trunk
strtk5a-7260cx3-root,Ethernet11/1,strtk5a-7260cx3-fan-11,Ethernet65,10000,964-1083,Trunk
strtk5a-7260cx3-root,Ethernet12/1,strtk5a-7260cx3-fan-12,Ethernet65,10000,1084-1147,Trunk
strtk5a-7260cx3-root,Ethernet13/1,strtk5a-7260cx3-fan-13,Ethernet65,10000,1148-1211,Trunk
strtk5a-7260cx3-root,Ethernet14/1,strtk5a-7260cx3-fan-14,Ethernet65,10000,1212-1275,Trunk
strtk5a-7260cx3-root,Ethernet15/1,strtk5a-7260cx3-fan-15,Ethernet65,10000,1276-1395,Trunk
strtk5a-7260cx3-root,Ethernet16/1,strtk5a-7260cx3-fan-16,Ethernet65,10000,1396-1430,Trunk

strtk5a-7260cx3-root,Ethernet17/1,strtk5a-7260cx3-fan-17,Ethernet65,10000,1460-1523,Trunk
strtk5a-7260cx3-root,Ethernet18/1,strtk5a-7260cx3-fan-18,Ethernet65,10000,1524-1587,Trunk
strtk5a-7260cx3-root,Ethernet19/1,strtk5a-7050c-fan-01,Ethernet128,10000,1588-1619,Trunk
strtk5a-7260cx3-root,Ethernet20/1,strtk5a-7050c-fan-02,Ethernet128,10000,1620-1651,Trunk
strtk5a-7260cx3-root,Ethernet50/1,strtk5a-serv-01,ens4f0,100000,,Trunk
strtk5a-7260cx3-root,Ethernet51/1,strtk5a-serv-02,ens4f0,100000,,Trunk
strtk5a-7050cx3-01,Ethernet0,strtk5a-7260cx3-fan-01,Ethernet1/1,100000,100,Access
strtk5a-7050cx3-01,Ethernet4,strtk5a-7260cx3-fan-01,Ethernet2/1,100000,101,Access
strtk5a-7050cx3-01,Ethernet8,strtk5a-7260cx3-fan-01,Ethernet3/1,100000,102,Access
strtk5a-7050cx3-01,Ethernet12,strtk5a-7260cx3-fan-01,Ethernet4/1,100000,103,Access
strtk5a-7050cx3-01,Ethernet16,strtk5a-7260cx3-fan-01,Ethernet5/1,100000,104,Access
strtk5a-7050cx3-01,Ethernet20,strtk5a-7260cx3-fan-01,Ethernet6/1,100000,105,Access
strtk5a-7050cx3-01,Ethernet24,strtk5a-7260cx3-fan-01,Ethernet7/1,100000,106,Access
strtk5a-7050cx3-01,Ethernet28,strtk5a-7260cx3-fan-01,Ethernet8/1,100000,107,Access
strtk5a-7050cx3-01,Ethernet32,strtk5a-7260cx3-fan-01,Ethernet9/1,100000,108,Access
strtk5a-7050cx3-01,Ethernet36,strtk5a-7260cx3-fan-01,Ethernet10/1,100000,109,Access
strtk5a-7050cx3-01,Ethernet40,strtk5a-7260cx3-fan-01,Ethernet11/1,100000,110,Access
strtk5a-7050cx3-01,Ethernet44,strtk5a-7260cx3-fan-01,Ethernet12/1,100000,111,Access
strtk5a-7050cx3-01,Ethernet48,strtk5a-7260cx3-fan-01,Ethernet13/1,100000,112,Access
strtk5a-7050cx3-01,Ethernet52,strtk5a-7260cx3-fan-01,Ethernet14/1,100000,113,Access
strtk5a-7050cx3-01,Ethernet56,strtk5a-7260cx3-fan-01,Ethernet15/1,100000,114,Access
strtk5a-7050cx3-01,Ethernet60,strtk5a-7260cx3-fan-01,Ethernet16/1,100000,115,Access
strtk5a-7050cx3-01,Ethernet64,strtk5a-7260cx3-fan-01,Ethernet17/1,100000,116,Access
strtk5a-7050cx3-01,Ethernet68,strtk5a-7260cx3-fan-01,Ethernet18/1,100000,117,Access
strtk5a-7050cx3-01,Ethernet72,strtk5a-7260cx3-fan-01,Ethernet19/1,100000,118,Access
strtk5a-7050cx3-01,Ethernet76,strtk5a-7260cx3-fan-01,Ethernet20/1,100000,119,Access
strtk5a-7050cx3-01,Ethernet80,strtk5a-7260cx3-fan-01,Ethernet21/1,100000,120,Access
strtk5a-7050cx3-01,Ethernet84,strtk5a-7260cx3-fan-01,Ethernet22/1,100000,121,Access
strtk5a-7050cx3-01,Ethernet88,strtk5a-7260cx3-fan-01,Ethernet23/1,100000,122,Access
strtk5a-7050cx3-01,Ethernet92,strtk5a-7260cx3-fan-01,Ethernet24/1,100000,123,Access
strtk5a-7050cx3-01,Ethernet96,strtk5a-7260cx3-fan-01,Ethernet25/1,100000,124,Access
strtk5a-7050cx3-01,Ethernet100,strtk5a-7260cx3-fan-01,Ethernet26/1,100000,125,Access
strtk5a-7050cx3-01,Ethernet104,strtk5a-7260cx3-fan-01,Ethernet27/1,100000,126,Access
strtk5a-7050cx3-01,Ethernet108,strtk5a-7260cx3-fan-01,Ethernet28/1,100000,127,Access
strtk5a-7050cx3-01,Ethernet112,strtk5a-7260cx3-fan-01,Ethernet29/1,100000,128,Access
strtk5a-7050cx3-01,Ethernet116,strtk5a-7260cx3-fan-01,Ethernet30/1,100000,129,Access
strtk5a-7050cx3-01,Ethernet120,strtk5a-7260cx3-fan-01,Ethernet31/1,100000,130,Access
strtk5a-7050cx3-01,Ethernet124,strtk5a-7260cx3-fan-01,Ethernet32/1,100000,131,Access
strtk5a-7050cx3-02,Ethernet0,strtk5a-7260cx3-fan-01,Ethernet33/1,100000,132,Access
strtk5a-7050cx3-02,Ethernet4,strtk5a-7260cx3-fan-01,Ethernet34/1,100000,133,Access
strtk5a-7050cx3-02,Ethernet8,strtk5a-7260cx3-fan-01,Ethernet35/1,100000,134,Access
strtk5a-7050cx3-02,Ethernet12,strtk5a-7260cx3-fan-01,Ethernet36/1,100000,135,Access
strtk5a-7050cx3-02,Ethernet16,strtk5a-7260cx3-fan-01,Ethernet37/1,100000,136,Access
strtk5a-7050cx3-02,Ethernet20,strtk5a-7260cx3-fan-01,Ethernet38/1,100000,137,Access
strtk5a-7050cx3-02,Ethernet24,strtk5a-7260cx3-fan-01,Ethernet39/1,100000,138,Access
strtk5a-7050cx3-02,Ethernet28,strtk5a-7260cx3-fan-01,Ethernet40/1,100000,139,Access
strtk5a-7050cx3-02,Ethernet32,strtk5a-7260cx3-fan-01,Ethernet41/1,100000,140,Access
strtk5a-7050cx3-02,Ethernet36,strtk5a-7260cx3-fan-01,Ethernet42/1,100000,141,Access
strtk5a-7050cx3-02,Ethernet40,strtk5a-7260cx3-fan-01,Ethernet43/1,100000,142,Access
strtk5a-7050cx3-02,Ethernet44,strtk5a-7260cx3-fan-01,Ethernet44/1,100000,143,Access
strtk5a-7050cx3-02,Ethernet48,strtk5a-7260cx3-fan-01,Ethernet45/1,100000,144,Access
strtk5a-7050cx3-02,Ethernet52,strtk5a-7260cx3-fan-01,Ethernet46/1,100000,145,Access
strtk5a-7050cx3-02,Ethernet56,strtk5a-7260cx3-fan-01,Ethernet47/1,100000,146,Access
strtk5a-7050cx3-02,Ethernet60,strtk5a-7260cx3-fan-01,Ethernet48/1,100000,147,Access
strtk5a-7050cx3-02,Ethernet64,strtk5a-7260cx3-fan-01,Ethernet49/1,100000,148,Access
strtk5a-7050cx3-02,Ethernet68,strtk5a-7260cx3-fan-01,Ethernet50/1,100000,149,Access
strtk5a-7050cx3-02,Ethernet72,strtk5a-7260cx3-fan-01,Ethernet51/1,100000,150,Access
strtk5a-7050cx3-02,Ethernet76,strtk5a-7260cx3-fan-01,Ethernet52/1,100000,151,Access
strtk5a-7050cx3-02,Ethernet80,strtk5a-7260cx3-fan-01,Ethernet53/1,100000,152,Access
strtk5a-7050cx3-02,Ethernet84,strtk5a-7260cx3-fan-01,Ethernet54/1,100000,153,Access
strtk5a-7050cx3-02,Ethernet88,strtk5a-7260cx3-fan-01,Ethernet55/1,100000,154,Access
strtk5a-7050cx3-02,Ethernet92,strtk5a-7260cx3-fan-01,Ethernet56/1,100000,155,Access
strtk5a-7050cx3-02,Ethernet96,strtk5a-7260cx3-fan-01,Ethernet57/1,100000,156,Access
strtk5a-7050cx3-02,Ethernet100,strtk5a-7260cx3-fan-01,Ethernet58/1,100000,157,Access
strtk5a-7050cx3-02,Ethernet104,strtk5a-7260cx3-fan-01,Ethernet59/1,100000,158,Access
strtk5a-7050cx3-02,Ethernet108,strtk5a-7260cx3-fan-01,Ethernet60/1,100000,159,Access
strtk5a-7050cx3-02,Ethernet112,strtk5a-7260cx3-fan-01,Ethernet61/1,100000,160,Access
strtk5a-7050cx3-02,Ethernet116,strtk5a-7260cx3-fan-01,Ethernet62/1,100000,161,Access
strtk5a-7050cx3-02,Ethernet120,strtk5a-7260cx3-fan-01,Ethernet63/1,100000,162,Access
strtk5a-7050cx3-02,Ethernet124,strtk5a-7260cx3-fan-01,Ethernet64/1,100000,163,Access

strtk5a-7050cx3-03,Ethernet0,strtk5a-7260cx3-fan-02,Ethernet1/1,100000,164,Access
strtk5a-7050cx3-03,Ethernet4,strtk5a-7260cx3-fan-02,Ethernet2/1,100000,165,Access
strtk5a-7050cx3-03,Ethernet8,strtk5a-7260cx3-fan-02,Ethernet3/1,100000,166,Access
strtk5a-7050cx3-03,Ethernet12,strtk5a-7260cx3-fan-02,Ethernet4/1,100000,167,Access
strtk5a-7050cx3-03,Ethernet16,strtk5a-7260cx3-fan-02,Ethernet5/1,100000,168,Access
strtk5a-7050cx3-03,Ethernet20,strtk5a-7260cx3-fan-02,Ethernet6/1,100000,169,Access
strtk5a-7050cx3-03,Ethernet24,strtk5a-7260cx3-fan-02,Ethernet7/1,100000,170,Access
strtk5a-7050cx3-03,Ethernet28,strtk5a-7260cx3-fan-02,Ethernet8/1,100000,171,Access
strtk5a-7050cx3-03,Ethernet32,strtk5a-7260cx3-fan-02,Ethernet9/1,100000,172,Access
strtk5a-7050cx3-03,Ethernet36,strtk5a-7260cx3-fan-02,Ethernet10/1,100000,173,Access
strtk5a-7050cx3-03,Ethernet40,strtk5a-7260cx3-fan-02,Ethernet11/1,100000,174,Access
strtk5a-7050cx3-03,Ethernet44,strtk5a-7260cx3-fan-02,Ethernet12/1,100000,175,Access
strtk5a-7050cx3-03,Ethernet48,strtk5a-7260cx3-fan-02,Ethernet13/1,100000,176,Access
strtk5a-7050cx3-03,Ethernet52,strtk5a-7260cx3-fan-02,Ethernet14/1,100000,177,Access
strtk5a-7050cx3-03,Ethernet56,strtk5a-7260cx3-fan-02,Ethernet15/1,100000,178,Access
strtk5a-7050cx3-03,Ethernet60,strtk5a-7260cx3-fan-02,Ethernet16/1,100000,179,Access
strtk5a-7050cx3-03,Ethernet64,strtk5a-7260cx3-fan-02,Ethernet17/1,100000,180,Access
strtk5a-7050cx3-03,Ethernet68,strtk5a-7260cx3-fan-02,Ethernet18/1,100000,181,Access
strtk5a-7050cx3-03,Ethernet72,strtk5a-7260cx3-fan-02,Ethernet19/1,100000,182,Access
strtk5a-7050cx3-03,Ethernet76,strtk5a-7260cx3-fan-02,Ethernet20/1,100000,183,Access
strtk5a-7050cx3-03,Ethernet80,strtk5a-7260cx3-fan-02,Ethernet21/1,100000,184,Access
strtk5a-7050cx3-03,Ethernet84,strtk5a-7260cx3-fan-02,Ethernet22/1,100000,185,Access
strtk5a-7050cx3-03,Ethernet88,strtk5a-7260cx3-fan-02,Ethernet23/1,100000,186,Access
strtk5a-7050cx3-03,Ethernet92,strtk5a-7260cx3-fan-02,Ethernet24/1,100000,187,Access
strtk5a-7050cx3-03,Ethernet96,strtk5a-7260cx3-fan-02,Ethernet25/1,100000,188,Access
strtk5a-7050cx3-03,Ethernet100,strtk5a-7260cx3-fan-02,Ethernet26/1,100000,189,Access
strtk5a-7050cx3-03,Ethernet104,strtk5a-7260cx3-fan-02,Ethernet27/1,100000,190,Access
strtk5a-7050cx3-03,Ethernet108,strtk5a-7260cx3-fan-02,Ethernet28/1,100000,191,Access
strtk5a-7050cx3-03,Ethernet112,strtk5a-7260cx3-fan-02,Ethernet29/1,100000,192,Access
strtk5a-7050cx3-03,Ethernet116,strtk5a-7260cx3-fan-02,Ethernet30/1,100000,193,Access
strtk5a-7050cx3-03,Ethernet120,strtk5a-7260cx3-fan-02,Ethernet31/1,100000,194,Access
strtk5a-7050cx3-03,Ethernet124,strtk5a-7260cx3-fan-02,Ethernet32/1,100000,195,Access
strtk5a-7050cx3-04,Ethernet0,strtk5a-7260cx3-fan-02,Ethernet33/1,100000,196,Access
strtk5a-7050cx3-04,Ethernet4,strtk5a-7260cx3-fan-02,Ethernet34/1,100000,197,Access
strtk5a-7050cx3-04,Ethernet8,strtk5a-7260cx3-fan-02,Ethernet35/1,100000,198,Access
strtk5a-7050cx3-04,Ethernet12,strtk5a-7260cx3-fan-02,Ethernet36/1,100000,199,Access
strtk5a-7050cx3-04,Ethernet16,strtk5a-7260cx3-fan-02,Ethernet37/1,100000,200,Access
strtk5a-7050cx3-04,Ethernet20,strtk5a-7260cx3-fan-02,Ethernet38/1,100000,201,Access
strtk5a-7050cx3-04,Ethernet24,strtk5a-7260cx3-fan-02,Ethernet39/1,100000,202,Access
strtk5a-7050cx3-04,Ethernet28,strtk5a-7260cx3-fan-02,Ethernet40/1,100000,203,Access
strtk5a-7050cx3-04,Ethernet32,strtk5a-7260cx3-fan-02,Ethernet41/1,100000,204,Access
strtk5a-7050cx3-04,Ethernet36,strtk5a-7260cx3-fan-02,Ethernet42/1,100000,205,Access
strtk5a-7050cx3-04,Ethernet40,strtk5a-7260cx3-fan-02,Ethernet43/1,100000,206,Access
strtk5a-7050cx3-04,Ethernet44,strtk5a-7260cx3-fan-02,Ethernet44/1,100000,207,Access
strtk5a-7050cx3-04,Ethernet48,strtk5a-7260cx3-fan-02,Ethernet45/1,100000,208,Access
strtk5a-7050cx3-04,Ethernet52,strtk5a-7260cx3-fan-02,Ethernet46/1,100000,209,Access
strtk5a-7050cx3-04,Ethernet56,strtk5a-7260cx3-fan-02,Ethernet47/1,100000,210,Access
strtk5a-7050cx3-04,Ethernet60,strtk5a-7260cx3-fan-02,Ethernet48/1,100000,211,Access
strtk5a-7050cx3-04,Ethernet64,strtk5a-7260cx3-fan-02,Ethernet49/1,100000,212,Access
strtk5a-7050cx3-04,Ethernet68,strtk5a-7260cx3-fan-02,Ethernet50/1,100000,213,Access
strtk5a-7050cx3-04,Ethernet72,strtk5a-7260cx3-fan-02,Ethernet51/1,100000,214,Access
strtk5a-7050cx3-04,Ethernet76,strtk5a-7260cx3-fan-02,Ethernet52/1,100000,215,Access
strtk5a-7050cx3-04,Ethernet80,strtk5a-7260cx3-fan-02,Ethernet53/1,100000,216,Access
strtk5a-7050cx3-04,Ethernet84,strtk5a-7260cx3-fan-02,Ethernet54/1,100000,217,Access
strtk5a-7050cx3-04,Ethernet88,strtk5a-7260cx3-fan-02,Ethernet55/1,100000,218,Access
strtk5a-7050cx3-04,Ethernet92,strtk5a-7260cx3-fan-02,Ethernet56/1,100000,219,Access
strtk5a-7050cx3-04,Ethernet96,strtk5a-7260cx3-fan-02,Ethernet57/1,100000,220,Access
strtk5a-7050cx3-04,Ethernet100,strtk5a-7260cx3-fan-02,Ethernet58/1,100000,221,Access
strtk5a-7050cx3-04,Ethernet104,strtk5a-7260cx3-fan-02,Ethernet59/1,100000,222,Access
strtk5a-7050cx3-04,Ethernet108,strtk5a-7260cx3-fan-02,Ethernet60/1,100000,223,Access
strtk5a-7050cx3-04,Ethernet112,strtk5a-7260cx3-fan-02,Ethernet61/1,100000,224,Access
strtk5a-7050cx3-04,Ethernet116,strtk5a-7260cx3-fan-02,Ethernet62/1,100000,225,Access
strtk5a-7050cx3-04,Ethernet120,strtk5a-7260cx3-fan-02,Ethernet63/1,100000,226,Access
strtk5a-7050cx3-04,Ethernet124,strtk5a-7260cx3-fan-02,Ethernet64/1,100000,227,Access

strtk5a-7050cx3-05,Ethernet0,strtk5a-7260cx3-fan-03,Ethernet1/1,100000,228,Access
strtk5a-7050cx3-05,Ethernet4,strtk5a-7260cx3-fan-03,Ethernet2/1,100000,229,Access
strtk5a-7050cx3-05,Ethernet8,strtk5a-7260cx3-fan-03,Ethernet3/1,100000,230,Access
strtk5a-7050cx3-05,Ethernet12,strtk5a-7260cx3-fan-03,Ethernet4/1,100000,231,Access
strtk5a-7050cx3-05,Ethernet16,strtk5a-7260cx3-fan-03,Ethernet5/1,100000,232,Access
strtk5a-7050cx3-05,Ethernet20,strtk5a-7260cx3-fan-03,Ethernet6/1,100000,233,Access
strtk5a-7050cx3-05,Ethernet24,strtk5a-7260cx3-fan-03,Ethernet7/1,100000,234,Access
strtk5a-7050cx3-05,Ethernet28,strtk5a-7260cx3-fan-03,Ethernet8/1,100000,235,Access
strtk5a-7050cx3-05,Ethernet32,strtk5a-7260cx3-fan-03,Ethernet9/1,100000,236,Access
strtk5a-7050cx3-05,Ethernet36,strtk5a-7260cx3-fan-03,Ethernet10/1,100000,237,Access
strtk5a-7050cx3-05,Ethernet40,strtk5a-7260cx3-fan-03,Ethernet11/1,100000,238,Access
strtk5a-7050cx3-05,Ethernet44,strtk5a-7260cx3-fan-03,Ethernet12/1,100000,239,Access
strtk5a-7050cx3-05,Ethernet48,strtk5a-7260cx3-fan-03,Ethernet13/1,100000,240,Access
strtk5a-7050cx3-05,Ethernet52,strtk5a-7260cx3-fan-03,Ethernet14/1,100000,241,Access
strtk5a-7050cx3-05,Ethernet56,strtk5a-7260cx3-fan-03,Ethernet15/1,100000,242,Access
strtk5a-7050cx3-05,Ethernet60,strtk5a-7260cx3-fan-03,Ethernet16/1,100000,243,Access
strtk5a-7050cx3-05,Ethernet64,strtk5a-7260cx3-fan-03,Ethernet17/1,100000,244,Access
strtk5a-7050cx3-05,Ethernet68,strtk5a-7260cx3-fan-03,Ethernet18/1,100000,245,Access
strtk5a-7050cx3-05,Ethernet72,strtk5a-7260cx3-fan-03,Ethernet19/1,100000,246,Access
strtk5a-7050cx3-05,Ethernet76,strtk5a-7260cx3-fan-03,Ethernet20/1,100000,247,Access
strtk5a-7050cx3-05,Ethernet80,strtk5a-7260cx3-fan-03,Ethernet21/1,100000,248,Access
strtk5a-7050cx3-05,Ethernet84,strtk5a-7260cx3-fan-03,Ethernet22/1,100000,249,Access
strtk5a-7050cx3-05,Ethernet88,strtk5a-7260cx3-fan-03,Ethernet23/1,100000,250,Access
strtk5a-7050cx3-05,Ethernet92,strtk5a-7260cx3-fan-03,Ethernet24/1,100000,251,Access
strtk5a-7050cx3-05,Ethernet96,strtk5a-7260cx3-fan-03,Ethernet25/1,100000,252,Access
strtk5a-7050cx3-05,Ethernet100,strtk5a-7260cx3-fan-03,Ethernet26/1,100000,253,Access
strtk5a-7050cx3-05,Ethernet104,strtk5a-7260cx3-fan-03,Ethernet27/1,100000,254,Access
strtk5a-7050cx3-05,Ethernet108,strtk5a-7260cx3-fan-03,Ethernet28/1,100000,255,Access
strtk5a-7050cx3-05,Ethernet112,strtk5a-7260cx3-fan-03,Ethernet29/1,100000,256,Access
strtk5a-7050cx3-05,Ethernet116,strtk5a-7260cx3-fan-03,Ethernet30/1,100000,257,Access
strtk5a-7050cx3-05,Ethernet120,strtk5a-7260cx3-fan-03,Ethernet31/1,100000,258,Access
strtk5a-7050cx3-05,Ethernet124,strtk5a-7260cx3-fan-03,Ethernet32/1,100000,259,Access
strtk5a-7050cx3-06,Ethernet0,strtk5a-7260cx3-fan-03,Ethernet33/1,100000,260,Access
strtk5a-7050cx3-06,Ethernet4,strtk5a-7260cx3-fan-03,Ethernet34/1,100000,261,Access
strtk5a-7050cx3-06,Ethernet8,strtk5a-7260cx3-fan-03,Ethernet35/1,100000,262,Access
strtk5a-7050cx3-06,Ethernet12,strtk5a-7260cx3-fan-03,Ethernet36/1,100000,263,Access
strtk5a-7050cx3-06,Ethernet16,strtk5a-7260cx3-fan-03,Ethernet37/1,100000,264,Access
strtk5a-7050cx3-06,Ethernet20,strtk5a-7260cx3-fan-03,Ethernet38/1,100000,265,Access
strtk5a-7050cx3-06,Ethernet24,strtk5a-7260cx3-fan-03,Ethernet39/1,100000,266,Access
strtk5a-7050cx3-06,Ethernet28,strtk5a-7260cx3-fan-03,Ethernet40/1,100000,267,Access
strtk5a-7050cx3-06,Ethernet32,strtk5a-7260cx3-fan-03,Ethernet41/1,100000,268,Access
strtk5a-7050cx3-06,Ethernet36,strtk5a-7260cx3-fan-03,Ethernet42/1,100000,269,Access
strtk5a-7050cx3-06,Ethernet40,strtk5a-7260cx3-fan-03,Ethernet43/1,100000,270,Access
strtk5a-7050cx3-06,Ethernet44,strtk5a-7260cx3-fan-03,Ethernet44/1,100000,271,Access
strtk5a-7050cx3-06,Ethernet48,strtk5a-7260cx3-fan-03,Ethernet45/1,100000,272,Access
strtk5a-7050cx3-06,Ethernet52,strtk5a-7260cx3-fan-03,Ethernet46/1,100000,273,Access
strtk5a-7050cx3-06,Ethernet56,strtk5a-7260cx3-fan-03,Ethernet47/1,100000,274,Access
strtk5a-7050cx3-06,Ethernet60,strtk5a-7260cx3-fan-03,Ethernet48/1,100000,275,Access
strtk5a-7050cx3-06,Ethernet64,strtk5a-7260cx3-fan-03,Ethernet49/1,100000,276,Access
strtk5a-7050cx3-06,Ethernet68,strtk5a-7260cx3-fan-03,Ethernet50/1,100000,277,Access
strtk5a-7050cx3-06,Ethernet72,strtk5a-7260cx3-fan-03,Ethernet51/1,100000,278,Access
strtk5a-7050cx3-06,Ethernet76,strtk5a-7260cx3-fan-03,Ethernet52/1,100000,279,Access
strtk5a-7050cx3-06,Ethernet80,strtk5a-7260cx3-fan-03,Ethernet53/1,100000,280,Access
strtk5a-7050cx3-06,Ethernet84,strtk5a-7260cx3-fan-03,Ethernet54/1,100000,281,Access
strtk5a-7050cx3-06,Ethernet88,strtk5a-7260cx3-fan-03,Ethernet55/1,100000,282,Access
strtk5a-7050cx3-06,Ethernet92,strtk5a-7260cx3-fan-03,Ethernet56/1,100000,283,Access
strtk5a-7050cx3-06,Ethernet96,strtk5a-7260cx3-fan-03,Ethernet57/1,100000,284,Access
strtk5a-7050cx3-06,Ethernet100,strtk5a-7260cx3-fan-03,Ethernet58/1,100000,285,Access
strtk5a-7050cx3-06,Ethernet104,strtk5a-7260cx3-fan-03,Ethernet59/1,100000,286,Access
strtk5a-7050cx3-06,Ethernet108,strtk5a-7260cx3-fan-03,Ethernet60/1,100000,287,Access
strtk5a-7050cx3-06,Ethernet112,strtk5a-7260cx3-fan-03,Ethernet61/1,100000,288,Access
strtk5a-7050cx3-06,Ethernet116,strtk5a-7260cx3-fan-03,Ethernet62/1,100000,289,Access
strtk5a-7050cx3-06,Ethernet120,strtk5a-7260cx3-fan-03,Ethernet63/1,100000,290,Access
strtk5a-7050cx3-06,Ethernet124,strtk5a-7260cx3-fan-03,Ethernet64/1,100000,291,Access

strtk5a-7050cx3-07,Ethernet0,strtk5a-7260cx3-fan-04,Ethernet1/1,100000,292,Access
strtk5a-7050cx3-07,Ethernet4,strtk5a-7260cx3-fan-04,Ethernet2/1,100000,293,Access
strtk5a-7050cx3-07,Ethernet8,strtk5a-7260cx3-fan-04,Ethernet3/1,100000,294,Access
strtk5a-7050cx3-07,Ethernet12,strtk5a-7260cx3-fan-04,Ethernet4/1,100000,295,Access
strtk5a-7050cx3-07,Ethernet16,strtk5a-7260cx3-fan-04,Ethernet5/1,100000,296,Access
strtk5a-7050cx3-07,Ethernet20,strtk5a-7260cx3-fan-04,Ethernet6/1,100000,297,Access
strtk5a-7050cx3-07,Ethernet24,strtk5a-7260cx3-fan-04,Ethernet7/1,100000,298,Access
strtk5a-7050cx3-07,Ethernet28,strtk5a-7260cx3-fan-04,Ethernet8/1,100000,299,Access
strtk5a-7050cx3-07,Ethernet32,strtk5a-7260cx3-fan-04,Ethernet9/1,100000,300,Access
strtk5a-7050cx3-07,Ethernet36,strtk5a-7260cx3-fan-04,Ethernet10/1,100000,301,Access
strtk5a-7050cx3-07,Ethernet40,strtk5a-7260cx3-fan-04,Ethernet11/1,100000,302,Access
strtk5a-7050cx3-07,Ethernet44,strtk5a-7260cx3-fan-04,Ethernet12/1,100000,303,Access
strtk5a-7050cx3-07,Ethernet48,strtk5a-7260cx3-fan-04,Ethernet13/1,100000,304,Access
strtk5a-7050cx3-07,Ethernet52,strtk5a-7260cx3-fan-04,Ethernet14/1,100000,305,Access
strtk5a-7050cx3-07,Ethernet56,strtk5a-7260cx3-fan-04,Ethernet15/1,100000,306,Access
strtk5a-7050cx3-07,Ethernet60,strtk5a-7260cx3-fan-04,Ethernet16/1,100000,307,Access
strtk5a-7050cx3-07,Ethernet64,strtk5a-7260cx3-fan-04,Ethernet17/1,100000,308,Access
strtk5a-7050cx3-07,Ethernet68,strtk5a-7260cx3-fan-04,Ethernet18/1,100000,309,Access
strtk5a-7050cx3-07,Ethernet72,strtk5a-7260cx3-fan-04,Ethernet19/1,100000,310,Access
strtk5a-7050cx3-07,Ethernet76,strtk5a-7260cx3-fan-04,Ethernet20/1,100000,311,Access
strtk5a-7050cx3-07,Ethernet80,strtk5a-7260cx3-fan-04,Ethernet21/1,100000,312,Access
strtk5a-7050cx3-07,Ethernet84,strtk5a-7260cx3-fan-04,Ethernet22/1,100000,313,Access
strtk5a-7050cx3-07,Ethernet88,strtk5a-7260cx3-fan-04,Ethernet23/1,100000,314,Access
strtk5a-7050cx3-07,Ethernet92,strtk5a-7260cx3-fan-04,Ethernet24/1,100000,315,Access
strtk5a-7050cx3-07,Ethernet96,strtk5a-7260cx3-fan-04,Ethernet25/1,100000,316,Access
strtk5a-7050cx3-07,Ethernet100,strtk5a-7260cx3-fan-04,Ethernet26/1,100000,317,Access
strtk5a-7050cx3-07,Ethernet104,strtk5a-7260cx3-fan-04,Ethernet27/1,100000,318,Access
strtk5a-7050cx3-07,Ethernet108,strtk5a-7260cx3-fan-04,Ethernet28/1,100000,319,Access
strtk5a-7050cx3-07,Ethernet112,strtk5a-7260cx3-fan-04,Ethernet29/1,100000,320,Access
strtk5a-7050cx3-07,Ethernet116,strtk5a-7260cx3-fan-04,Ethernet30/1,100000,321,Access
strtk5a-7050cx3-07,Ethernet120,strtk5a-7260cx3-fan-04,Ethernet31/1,100000,322,Access
strtk5a-7050cx3-07,Ethernet124,strtk5a-7260cx3-fan-04,Ethernet32/1,100000,323,Access
strtk5a-7050cx3-08,Ethernet0,strtk5a-7260cx3-fan-04,Ethernet33/1,100000,324,Access
strtk5a-7050cx3-08,Ethernet4,strtk5a-7260cx3-fan-04,Ethernet34/1,100000,325,Access
strtk5a-7050cx3-08,Ethernet8,strtk5a-7260cx3-fan-04,Ethernet35/1,100000,326,Access
strtk5a-7050cx3-08,Ethernet12,strtk5a-7260cx3-fan-04,Ethernet36/1,100000,327,Access
strtk5a-7050cx3-08,Ethernet16,strtk5a-7260cx3-fan-04,Ethernet37/1,100000,328,Access
strtk5a-7050cx3-08,Ethernet20,strtk5a-7260cx3-fan-04,Ethernet38/1,100000,329,Access
strtk5a-7050cx3-08,Ethernet24,strtk5a-7260cx3-fan-04,Ethernet39/1,100000,330,Access
strtk5a-7050cx3-08,Ethernet28,strtk5a-7260cx3-fan-04,Ethernet40/1,100000,331,Access
strtk5a-7050cx3-08,Ethernet32,strtk5a-7260cx3-fan-04,Ethernet41/1,100000,332,Access
strtk5a-7050cx3-08,Ethernet36,strtk5a-7260cx3-fan-04,Ethernet42/1,100000,333,Access
strtk5a-7050cx3-08,Ethernet40,strtk5a-7260cx3-fan-04,Ethernet43/1,100000,334,Access
strtk5a-7050cx3-08,Ethernet44,strtk5a-7260cx3-fan-04,Ethernet44/1,100000,335,Access
strtk5a-7050cx3-08,Ethernet48,strtk5a-7260cx3-fan-04,Ethernet45/1,100000,336,Access
strtk5a-7050cx3-08,Ethernet52,strtk5a-7260cx3-fan-04,Ethernet46/1,100000,337,Access
strtk5a-7050cx3-08,Ethernet56,strtk5a-7260cx3-fan-04,Ethernet47/1,100000,338,Access
strtk5a-7050cx3-08,Ethernet60,strtk5a-7260cx3-fan-04,Ethernet48/1,100000,339,Access
strtk5a-7050cx3-08,Ethernet64,strtk5a-7260cx3-fan-04,Ethernet49/1,100000,340,Access
strtk5a-7050cx3-08,Ethernet68,strtk5a-7260cx3-fan-04,Ethernet50/1,100000,341,Access
strtk5a-7050cx3-08,Ethernet72,strtk5a-7260cx3-fan-04,Ethernet51/1,100000,342,Access
strtk5a-7050cx3-08,Ethernet76,strtk5a-7260cx3-fan-04,Ethernet52/1,100000,343,Access
strtk5a-7050cx3-08,Ethernet80,strtk5a-7260cx3-fan-04,Ethernet53/1,100000,344,Access
strtk5a-7050cx3-08,Ethernet84,strtk5a-7260cx3-fan-04,Ethernet54/1,100000,345,Access
strtk5a-7050cx3-08,Ethernet88,strtk5a-7260cx3-fan-04,Ethernet55/1,100000,346,Access
strtk5a-7050cx3-08,Ethernet92,strtk5a-7260cx3-fan-04,Ethernet56/1,100000,347,Access
strtk5a-7050cx3-08,Ethernet96,strtk5a-7260cx3-fan-04,Ethernet57/1,100000,348,Access
strtk5a-7050cx3-08,Ethernet100,strtk5a-7260cx3-fan-04,Ethernet58/1,100000,349,Access
strtk5a-7050cx3-08,Ethernet104,strtk5a-7260cx3-fan-04,Ethernet59/1,100000,350,Access
strtk5a-7050cx3-08,Ethernet108,strtk5a-7260cx3-fan-04,Ethernet60/1,100000,351,Access
strtk5a-7050cx3-08,Ethernet112,strtk5a-7260cx3-fan-04,Ethernet61/1,100000,352,Access
strtk5a-7050cx3-08,Ethernet116,strtk5a-7260cx3-fan-04,Ethernet62/1,100000,353,Access
strtk5a-7050cx3-08,Ethernet120,strtk5a-7260cx3-fan-04,Ethernet63/1,100000,354,Access
strtk5a-7050cx3-08,Ethernet124,strtk5a-7260cx3-fan-04,Ethernet64/1,100000,355,Access

strtk5a-7050cx3-09,Ethernet0,strtk5a-7260cx3-fan-05,Ethernet1/1,100000,356,Access
strtk5a-7050cx3-09,Ethernet4,strtk5a-7260cx3-fan-05,Ethernet2/1,100000,357,Access
strtk5a-7050cx3-09,Ethernet8,strtk5a-7260cx3-fan-05,Ethernet3/1,100000,358,Access
strtk5a-7050cx3-09,Ethernet12,strtk5a-7260cx3-fan-05,Ethernet4/1,100000,359,Access
strtk5a-7050cx3-09,Ethernet16,strtk5a-7260cx3-fan-05,Ethernet5/1,100000,360,Access
strtk5a-7050cx3-09,Ethernet20,strtk5a-7260cx3-fan-05,Ethernet6/1,100000,361,Access
strtk5a-7050cx3-09,Ethernet24,strtk5a-7260cx3-fan-05,Ethernet7/1,100000,362,Access
strtk5a-7050cx3-09,Ethernet28,strtk5a-7260cx3-fan-05,Ethernet8/1,100000,363,Access
strtk5a-7050cx3-09,Ethernet32,strtk5a-7260cx3-fan-05,Ethernet9/1,100000,364,Access
strtk5a-7050cx3-09,Ethernet36,strtk5a-7260cx3-fan-05,Ethernet10/1,100000,365,Access
strtk5a-7050cx3-09,Ethernet40,strtk5a-7260cx3-fan-05,Ethernet11/1,100000,366,Access
strtk5a-7050cx3-09,Ethernet44,strtk5a-7260cx3-fan-05,Ethernet12/1,100000,367,Access
strtk5a-7050cx3-09,Ethernet48,strtk5a-7260cx3-fan-05,Ethernet13/1,100000,368,Access
strtk5a-7050cx3-09,Ethernet52,strtk5a-7260cx3-fan-05,Ethernet14/1,100000,369,Access
strtk5a-7050cx3-09,Ethernet56,strtk5a-7260cx3-fan-05,Ethernet15/1,100000,370,Access
strtk5a-7050cx3-09,Ethernet60,strtk5a-7260cx3-fan-05,Ethernet16/1,100000,371,Access
strtk5a-7050cx3-09,Ethernet64,strtk5a-7260cx3-fan-05,Ethernet17/1,100000,372,Access
strtk5a-7050cx3-09,Ethernet68,strtk5a-7260cx3-fan-05,Ethernet18/1,100000,373,Access
strtk5a-7050cx3-09,Ethernet72,strtk5a-7260cx3-fan-05,Ethernet19/1,100000,374,Access
strtk5a-7050cx3-09,Ethernet76,strtk5a-7260cx3-fan-05,Ethernet20/1,100000,375,Access
strtk5a-7050cx3-09,Ethernet80,strtk5a-7260cx3-fan-05,Ethernet21/1,100000,376,Access
strtk5a-7050cx3-09,Ethernet84,strtk5a-7260cx3-fan-05,Ethernet22/1,100000,377,Access
strtk5a-7050cx3-09,Ethernet88,strtk5a-7260cx3-fan-05,Ethernet23/1,100000,378,Access
strtk5a-7050cx3-09,Ethernet92,strtk5a-7260cx3-fan-05,Ethernet24/1,100000,379,Access
strtk5a-7050cx3-09,Ethernet96,strtk5a-7260cx3-fan-05,Ethernet25/1,100000,380,Access
strtk5a-7050cx3-09,Ethernet100,strtk5a-7260cx3-fan-05,Ethernet26/1,100000,381,Access
strtk5a-7050cx3-09,Ethernet104,strtk5a-7260cx3-fan-05,Ethernet27/1,100000,382,Access
strtk5a-7050cx3-09,Ethernet108,strtk5a-7260cx3-fan-05,Ethernet28/1,100000,383,Access
strtk5a-7050cx3-09,Ethernet112,strtk5a-7260cx3-fan-05,Ethernet29/1,100000,384,Access
strtk5a-7050cx3-09,Ethernet116,strtk5a-7260cx3-fan-05,Ethernet30/1,100000,385,Access
strtk5a-7050cx3-09,Ethernet120,strtk5a-7260cx3-fan-05,Ethernet31/1,100000,386,Access
strtk5a-7050cx3-09,Ethernet124,strtk5a-7260cx3-fan-05,Ethernet32/1,100000,387,Access
strtk5a-7050cx3-10,Ethernet0,strtk5a-7260cx3-fan-05,Ethernet33/1,100000,388,Access
strtk5a-7050cx3-10,Ethernet4,strtk5a-7260cx3-fan-05,Ethernet34/1,100000,389,Access
strtk5a-7050cx3-10,Ethernet8,strtk5a-7260cx3-fan-05,Ethernet35/1,100000,390,Access
strtk5a-7050cx3-10,Ethernet12,strtk5a-7260cx3-fan-05,Ethernet36/1,100000,391,Access
strtk5a-7050cx3-10,Ethernet16,strtk5a-7260cx3-fan-05,Ethernet37/1,100000,392,Access
strtk5a-7050cx3-10,Ethernet20,strtk5a-7260cx3-fan-05,Ethernet38/1,100000,393,Access
strtk5a-7050cx3-10,Ethernet24,strtk5a-7260cx3-fan-05,Ethernet39/1,100000,394,Access
strtk5a-7050cx3-10,Ethernet28,strtk5a-7260cx3-fan-05,Ethernet40/1,100000,395,Access
strtk5a-7050cx3-10,Ethernet32,strtk5a-7260cx3-fan-05,Ethernet41/1,100000,396,Access
strtk5a-7050cx3-10,Ethernet36,strtk5a-7260cx3-fan-05,Ethernet42/1,100000,397,Access
strtk5a-7050cx3-10,Ethernet40,strtk5a-7260cx3-fan-05,Ethernet43/1,100000,398,Access
strtk5a-7050cx3-10,Ethernet44,strtk5a-7260cx3-fan-05,Ethernet44/1,100000,399,Access
strtk5a-7050cx3-10,Ethernet48,strtk5a-7260cx3-fan-05,Ethernet45/1,100000,400,Access
strtk5a-7050cx3-10,Ethernet52,strtk5a-7260cx3-fan-05,Ethernet46/1,100000,401,Access
strtk5a-7050cx3-10,Ethernet56,strtk5a-7260cx3-fan-05,Ethernet47/1,100000,402,Access
strtk5a-7050cx3-10,Ethernet60,strtk5a-7260cx3-fan-05,Ethernet48/1,100000,403,Access
strtk5a-7050cx3-10,Ethernet64,strtk5a-7260cx3-fan-05,Ethernet49/1,100000,404,Access
strtk5a-7050cx3-10,Ethernet68,strtk5a-7260cx3-fan-05,Ethernet50/1,100000,405,Access
strtk5a-7050cx3-10,Ethernet72,strtk5a-7260cx3-fan-05,Ethernet51/1,100000,406,Access
strtk5a-7050cx3-10,Ethernet76,strtk5a-7260cx3-fan-05,Ethernet52/1,100000,407,Access
strtk5a-7050cx3-10,Ethernet80,strtk5a-7260cx3-fan-05,Ethernet53/1,100000,408,Access
strtk5a-7050cx3-10,Ethernet84,strtk5a-7260cx3-fan-05,Ethernet54/1,100000,409,Access
strtk5a-7050cx3-10,Ethernet88,strtk5a-7260cx3-fan-05,Ethernet55/1,100000,410,Access
strtk5a-7050cx3-10,Ethernet92,strtk5a-7260cx3-fan-05,Ethernet56/1,100000,411,Access
strtk5a-7050cx3-10,Ethernet96,strtk5a-7260cx3-fan-05,Ethernet57/1,100000,412,Access
strtk5a-7050cx3-10,Ethernet100,strtk5a-7260cx3-fan-05,Ethernet58/1,100000,413,Access
strtk5a-7050cx3-10,Ethernet104,strtk5a-7260cx3-fan-05,Ethernet59/1,100000,414,Access
strtk5a-7050cx3-10,Ethernet108,strtk5a-7260cx3-fan-05,Ethernet60/1,100000,415,Access
strtk5a-7050cx3-10,Ethernet112,strtk5a-7260cx3-fan-05,Ethernet61/1,100000,416,Access
strtk5a-7050cx3-10,Ethernet116,strtk5a-7260cx3-fan-05,Ethernet62/1,100000,417,Access
strtk5a-7050cx3-10,Ethernet120,strtk5a-7260cx3-fan-05,Ethernet63/1,100000,418,Access
strtk5a-7050cx3-10,Ethernet124,strtk5a-7260cx3-fan-05,Ethernet64/1,100000,419,Access

strtk5a-7050cx3-11,Ethernet0,strtk5a-7260cx3-fan-06,Ethernet1/1,100000,420,Access
strtk5a-7050cx3-11,Ethernet4,strtk5a-7260cx3-fan-06,Ethernet2/1,100000,421,Access
strtk5a-7050cx3-11,Ethernet8,strtk5a-7260cx3-fan-06,Ethernet3/1,100000,422,Access
strtk5a-7050cx3-11,Ethernet12,strtk5a-7260cx3-fan-06,Ethernet4/1,100000,423,Access
strtk5a-7050cx3-11,Ethernet16,strtk5a-7260cx3-fan-06,Ethernet5/1,100000,424,Access
strtk5a-7050cx3-11,Ethernet20,strtk5a-7260cx3-fan-06,Ethernet6/1,100000,425,Access
strtk5a-7050cx3-11,Ethernet24,strtk5a-7260cx3-fan-06,Ethernet7/1,100000,426,Access
strtk5a-7050cx3-11,Ethernet28,strtk5a-7260cx3-fan-06,Ethernet8/1,100000,427,Access
strtk5a-7050cx3-11,Ethernet32,strtk5a-7260cx3-fan-06,Ethernet9/1,100000,428,Access
strtk5a-7050cx3-11,Ethernet36,strtk5a-7260cx3-fan-06,Ethernet10/1,100000,429,Access
strtk5a-7050cx3-11,Ethernet40,strtk5a-7260cx3-fan-06,Ethernet11/1,100000,430,Access
strtk5a-7050cx3-11,Ethernet44,strtk5a-7260cx3-fan-06,Ethernet12/1,100000,431,Access
strtk5a-7050cx3-11,Ethernet48,strtk5a-7260cx3-fan-06,Ethernet13/1,100000,432,Access
strtk5a-7050cx3-11,Ethernet52,strtk5a-7260cx3-fan-06,Ethernet14/1,100000,433,Access
strtk5a-7050cx3-11,Ethernet56,strtk5a-7260cx3-fan-06,Ethernet15/1,100000,434,Access
strtk5a-7050cx3-11,Ethernet60,strtk5a-7260cx3-fan-06,Ethernet16/1,100000,435,Access
strtk5a-7050cx3-11,Ethernet64,strtk5a-7260cx3-fan-06,Ethernet17/1,100000,436,Access
strtk5a-7050cx3-11,Ethernet68,strtk5a-7260cx3-fan-06,Ethernet18/1,100000,437,Access
strtk5a-7050cx3-11,Ethernet72,strtk5a-7260cx3-fan-06,Ethernet19/1,100000,438,Access
strtk5a-7050cx3-11,Ethernet76,strtk5a-7260cx3-fan-06,Ethernet20/1,100000,439,Access
strtk5a-7050cx3-11,Ethernet80,strtk5a-7260cx3-fan-06,Ethernet21/1,100000,440,Access
strtk5a-7050cx3-11,Ethernet84,strtk5a-7260cx3-fan-06,Ethernet22/1,100000,441,Access
strtk5a-7050cx3-11,Ethernet88,strtk5a-7260cx3-fan-06,Ethernet23/1,100000,442,Access
strtk5a-7050cx3-11,Ethernet92,strtk5a-7260cx3-fan-06,Ethernet24/1,100000,443,Access
strtk5a-7050cx3-11,Ethernet96,strtk5a-7260cx3-fan-06,Ethernet25/1,100000,444,Access
strtk5a-7050cx3-11,Ethernet100,strtk5a-7260cx3-fan-06,Ethernet26/1,100000,445,Access
strtk5a-7050cx3-11,Ethernet104,strtk5a-7260cx3-fan-06,Ethernet27/1,100000,446,Access
strtk5a-7050cx3-11,Ethernet108,strtk5a-7260cx3-fan-06,Ethernet28/1,100000,447,Access
strtk5a-7050cx3-11,Ethernet112,strtk5a-7260cx3-fan-06,Ethernet29/1,100000,448,Access
strtk5a-7050cx3-11,Ethernet116,strtk5a-7260cx3-fan-06,Ethernet30/1,100000,449,Access
strtk5a-7050cx3-11,Ethernet120,strtk5a-7260cx3-fan-06,Ethernet31/1,100000,450,Access
strtk5a-7050cx3-11,Ethernet124,strtk5a-7260cx3-fan-06,Ethernet32/1,100000,451,Access
strtk5a-7050cx3-12,Ethernet0,strtk5a-7260cx3-fan-06,Ethernet33/1,100000,452,Access
strtk5a-7050cx3-12,Ethernet4,strtk5a-7260cx3-fan-06,Ethernet34/1,100000,453,Access
strtk5a-7050cx3-12,Ethernet8,strtk5a-7260cx3-fan-06,Ethernet35/1,100000,454,Access
strtk5a-7050cx3-12,Ethernet12,strtk5a-7260cx3-fan-06,Ethernet36/1,100000,455,Access
strtk5a-7050cx3-12,Ethernet16,strtk5a-7260cx3-fan-06,Ethernet37/1,100000,456,Access
strtk5a-7050cx3-12,Ethernet20,strtk5a-7260cx3-fan-06,Ethernet38/1,100000,457,Access
strtk5a-7050cx3-12,Ethernet24,strtk5a-7260cx3-fan-06,Ethernet39/1,100000,458,Access
strtk5a-7050cx3-12,Ethernet28,strtk5a-7260cx3-fan-06,Ethernet40/1,100000,459,Access
strtk5a-7050cx3-12,Ethernet32,strtk5a-7260cx3-fan-06,Ethernet41/1,100000,460,Access
strtk5a-7050cx3-12,Ethernet36,strtk5a-7260cx3-fan-06,Ethernet42/1,100000,461,Access
strtk5a-7050cx3-12,Ethernet40,strtk5a-7260cx3-fan-06,Ethernet43/1,100000,462,Access
strtk5a-7050cx3-12,Ethernet44,strtk5a-7260cx3-fan-06,Ethernet44/1,100000,463,Access
strtk5a-7050cx3-12,Ethernet48,strtk5a-7260cx3-fan-06,Ethernet45/1,100000,464,Access
strtk5a-7050cx3-12,Ethernet52,strtk5a-7260cx3-fan-06,Ethernet46/1,100000,465,Access
strtk5a-7050cx3-12,Ethernet56,strtk5a-7260cx3-fan-06,Ethernet47/1,100000,466,Access
strtk5a-7050cx3-12,Ethernet60,strtk5a-7260cx3-fan-06,Ethernet48/1,100000,467,Access
strtk5a-7050cx3-12,Ethernet64,strtk5a-7260cx3-fan-06,Ethernet49/1,100000,468,Access
strtk5a-7050cx3-12,Ethernet68,strtk5a-7260cx3-fan-06,Ethernet50/1,100000,469,Access
strtk5a-7050cx3-12,Ethernet72,strtk5a-7260cx3-fan-06,Ethernet51/1,100000,470,Access
strtk5a-7050cx3-12,Ethernet76,strtk5a-7260cx3-fan-06,Ethernet52/1,100000,471,Access
strtk5a-7050cx3-12,Ethernet80,strtk5a-7260cx3-fan-06,Ethernet53/1,100000,472,Access
strtk5a-7050cx3-12,Ethernet84,strtk5a-7260cx3-fan-06,Ethernet54/1,100000,473,Access
strtk5a-7050cx3-12,Ethernet88,strtk5a-7260cx3-fan-06,Ethernet55/1,100000,474,Access
strtk5a-7050cx3-12,Ethernet92,strtk5a-7260cx3-fan-06,Ethernet56/1,100000,475,Access
strtk5a-7050cx3-12,Ethernet96,strtk5a-7260cx3-fan-06,Ethernet57/1,100000,476,Access
strtk5a-7050cx3-12,Ethernet100,strtk5a-7260cx3-fan-06,Ethernet58/1,100000,477,Access
strtk5a-7050cx3-12,Ethernet104,strtk5a-7260cx3-fan-06,Ethernet59/1,100000,478,Access
strtk5a-7050cx3-12,Ethernet108,strtk5a-7260cx3-fan-06,Ethernet60/1,100000,479,Access
strtk5a-7050cx3-12,Ethernet112,strtk5a-7260cx3-fan-06,Ethernet61/1,100000,480,Access
strtk5a-7050cx3-12,Ethernet116,strtk5a-7260cx3-fan-06,Ethernet62/1,100000,481,Access
strtk5a-7050cx3-12,Ethernet120,strtk5a-7260cx3-fan-06,Ethernet63/1,100000,482,Access
strtk5a-7050cx3-12,Ethernet124,strtk5a-7260cx3-fan-06,Ethernet64/1,100000,483,Access

strtk5a-7260cx3-01,Ethernet0,strtk5a-7260cx3-fan-07,Ethernet1/1,50000,484,Access
strtk5a-7260cx3-01,Ethernet2,strtk5a-7260cx3-fan-07,Ethernet1/3,50000,485,Access
strtk5a-7260cx3-01,Ethernet4,strtk5a-7260cx3-fan-07,Ethernet2/1,50000,486,Access
strtk5a-7260cx3-01,Ethernet6,strtk5a-7260cx3-fan-07,Ethernet2/3,50000,487,Access
strtk5a-7260cx3-01,Ethernet8,strtk5a-7260cx3-fan-07,Ethernet3/1,50000,488,Access
strtk5a-7260cx3-01,Ethernet10,strtk5a-7260cx3-fan-07,Ethernet3/3,50000,489,Access
strtk5a-7260cx3-01,Ethernet12,strtk5a-7260cx3-fan-07,Ethernet4/1,50000,490,Access
strtk5a-7260cx3-01,Ethernet14,strtk5a-7260cx3-fan-07,Ethernet4/3,50000,491,Access
strtk5a-7260cx3-01,Ethernet16,strtk5a-7260cx3-fan-07,Ethernet5/1,50000,492,Access
strtk5a-7260cx3-01,Ethernet18,strtk5a-7260cx3-fan-07,Ethernet5/3,50000,493,Access
strtk5a-7260cx3-01,Ethernet20,strtk5a-7260cx3-fan-07,Ethernet6/1,50000,494,Access
strtk5a-7260cx3-01,Ethernet22,strtk5a-7260cx3-fan-07,Ethernet6/3,50000,495,Access
strtk5a-7260cx3-01,Ethernet24,strtk5a-7260cx3-fan-07,Ethernet7/1,50000,496,Access
strtk5a-7260cx3-01,Ethernet26,strtk5a-7260cx3-fan-07,Ethernet7/3,50000,497,Access
strtk5a-7260cx3-01,Ethernet28,strtk5a-7260cx3-fan-07,Ethernet8/1,50000,498,Access
strtk5a-7260cx3-01,Ethernet30,strtk5a-7260cx3-fan-07,Ethernet8/3,50000,499,Access
strtk5a-7260cx3-01,Ethernet32,strtk5a-7260cx3-fan-07,Ethernet9/1,50000,500,Access
strtk5a-7260cx3-01,Ethernet34,strtk5a-7260cx3-fan-07,Ethernet9/3,50000,501,Access
strtk5a-7260cx3-01,Ethernet36,strtk5a-7260cx3-fan-07,Ethernet10/1,50000,502,Access
strtk5a-7260cx3-01,Ethernet38,strtk5a-7260cx3-fan-07,Ethernet10/3,50000,503,Access
strtk5a-7260cx3-01,Ethernet40,strtk5a-7260cx3-fan-07,Ethernet11/1,50000,504,Access
strtk5a-7260cx3-01,Ethernet42,strtk5a-7260cx3-fan-07,Ethernet11/3,50000,505,Access
strtk5a-7260cx3-01,Ethernet44,strtk5a-7260cx3-fan-07,Ethernet12/1,50000,506,Access
strtk5a-7260cx3-01,Ethernet46,strtk5a-7260cx3-fan-07,Ethernet12/3,50000,507,Access
strtk5a-7260cx3-01,Ethernet48,strtk5a-7260cx3-fan-07,Ethernet13/1,100000,508,Access
strtk5a-7260cx3-01,Ethernet52,strtk5a-7260cx3-fan-07,Ethernet14/1,100000,509,Access
strtk5a-7260cx3-01,Ethernet56,strtk5a-7260cx3-fan-07,Ethernet15/1,100000,510,Access
strtk5a-7260cx3-01,Ethernet60,strtk5a-7260cx3-fan-07,Ethernet16/1,100000,511,Access
strtk5a-7260cx3-01,Ethernet64,strtk5a-7260cx3-fan-07,Ethernet17/1,100000,512,Access
strtk5a-7260cx3-01,Ethernet68,strtk5a-7260cx3-fan-07,Ethernet18/1,100000,513,Access
strtk5a-7260cx3-01,Ethernet72,strtk5a-7260cx3-fan-07,Ethernet19/1,100000,514,Access
strtk5a-7260cx3-01,Ethernet76,strtk5a-7260cx3-fan-07,Ethernet20/1,100000,515,Access
strtk5a-7260cx3-01,Ethernet80,strtk5a-7260cx3-fan-07,Ethernet21/1,50000,516,Access
strtk5a-7260cx3-01,Ethernet82,strtk5a-7260cx3-fan-07,Ethernet21/3,50000,517,Access
strtk5a-7260cx3-01,Ethernet84,strtk5a-7260cx3-fan-07,Ethernet22/1,50000,518,Access
strtk5a-7260cx3-01,Ethernet86,strtk5a-7260cx3-fan-07,Ethernet22/3,50000,519,Access
strtk5a-7260cx3-01,Ethernet88,strtk5a-7260cx3-fan-07,Ethernet23/1,50000,520,Access
strtk5a-7260cx3-01,Ethernet90,strtk5a-7260cx3-fan-07,Ethernet23/3,50000,521,Access
strtk5a-7260cx3-01,Ethernet92,strtk5a-7260cx3-fan-07,Ethernet24/1,50000,522,Access
strtk5a-7260cx3-01,Ethernet94,strtk5a-7260cx3-fan-07,Ethernet24/3,50000,523,Access
strtk5a-7260cx3-01,Ethernet96,strtk5a-7260cx3-fan-07,Ethernet25/1,50000,524,Access
strtk5a-7260cx3-01,Ethernet98,strtk5a-7260cx3-fan-07,Ethernet25/3,50000,525,Access
strtk5a-7260cx3-01,Ethernet100,strtk5a-7260cx3-fan-07,Ethernet26/1,50000,526,Access
strtk5a-7260cx3-01,Ethernet102,strtk5a-7260cx3-fan-07,Ethernet26/3,50000,527,Access
strtk5a-7260cx3-01,Ethernet104,strtk5a-7260cx3-fan-07,Ethernet27/1,50000,528,Access
strtk5a-7260cx3-01,Ethernet106,strtk5a-7260cx3-fan-07,Ethernet27/3,50000,529,Access
strtk5a-7260cx3-01,Ethernet108,strtk5a-7260cx3-fan-07,Ethernet28/1,50000,530,Access
strtk5a-7260cx3-01,Ethernet110,strtk5a-7260cx3-fan-07,Ethernet28/3,50000,531,Access
strtk5a-7260cx3-01,Ethernet112,strtk5a-7260cx3-fan-07,Ethernet29/1,50000,532,Access
strtk5a-7260cx3-01,Ethernet114,strtk5a-7260cx3-fan-07,Ethernet29/3,50000,533,Access
strtk5a-7260cx3-01,Ethernet116,strtk5a-7260cx3-fan-07,Ethernet30/1,50000,534,Access
strtk5a-7260cx3-01,Ethernet118,strtk5a-7260cx3-fan-07,Ethernet30/3,50000,535,Access
strtk5a-7260cx3-01,Ethernet120,strtk5a-7260cx3-fan-07,Ethernet31/1,50000,536,Access
strtk5a-7260cx3-01,Ethernet122,strtk5a-7260cx3-fan-07,Ethernet31/3,50000,537,Access
strtk5a-7260cx3-01,Ethernet124,strtk5a-7260cx3-fan-07,Ethernet32/1,50000,538,Access
strtk5a-7260cx3-01,Ethernet126,strtk5a-7260cx3-fan-07,Ethernet32/3,50000,539,Access
strtk5a-7260cx3-01,Ethernet128,strtk5a-7260cx3-fan-07,Ethernet33/1,50000,540,Access
strtk5a-7260cx3-01,Ethernet130,strtk5a-7260cx3-fan-07,Ethernet33/3,50000,541,Access
strtk5a-7260cx3-01,Ethernet132,strtk5a-7260cx3-fan-07,Ethernet34/1,50000,542,Access
strtk5a-7260cx3-01,Ethernet134,strtk5a-7260cx3-fan-07,Ethernet34/3,50000,543,Access
strtk5a-7260cx3-01,Ethernet136,strtk5a-7260cx3-fan-07,Ethernet35/1,50000,544,Access
strtk5a-7260cx3-01,Ethernet138,strtk5a-7260cx3-fan-07,Ethernet35/3,50000,545,Access
strtk5a-7260cx3-01,Ethernet140,strtk5a-7260cx3-fan-07,Ethernet36/1,50000,546,Access
strtk5a-7260cx3-01,Ethernet142,strtk5a-7260cx3-fan-07,Ethernet36/3,50000,547,Access
strtk5a-7260cx3-01,Ethernet144,strtk5a-7260cx3-fan-07,Ethernet37/1,50000,548,Access
strtk5a-7260cx3-01,Ethernet146,strtk5a-7260cx3-fan-07,Ethernet37/3,50000,549,Access
strtk5a-7260cx3-01,Ethernet148,strtk5a-7260cx3-fan-07,Ethernet38/1,50000,550,Access
strtk5a-7260cx3-01,Ethernet150,strtk5a-7260cx3-fan-07,Ethernet38/3,50000,551,Access
strtk5a-7260cx3-01,Ethernet152,strtk5a-7260cx3-fan-07,Ethernet39/1,50000,552,Access
strtk5a-7260cx3-01,Ethernet154,strtk5a-7260cx3-fan-07,Ethernet39/3,50000,553,Access
strtk5a-7260cx3-01,Ethernet156,strtk5a-7260cx3-fan-07,Ethernet40/1,50000,554,Access
strtk5a-7260cx3-01,Ethernet158,strtk5a-7260cx3-fan-07,Ethernet40/3,50000,555,Access
strtk5a-7260cx3-01,Ethernet160,strtk5a-7260cx3-fan-07,Ethernet41/1,50000,556,Access
strtk5a-7260cx3-01,Ethernet162,strtk5a-7260cx3-fan-07,Ethernet41/3,50000,557,Access
strtk5a-7260cx3-01,Ethernet164,strtk5a-7260cx3-fan-07,Ethernet42/1,50000,558,Access
strtk5a-7260cx3-01,Ethernet166,strtk5a-7260cx3-fan-07,Ethernet42/3,50000,559,Access
strtk5a-7260cx3-01,Ethernet168,strtk5a-7260cx3-fan-07,Ethernet43/1,50000,560,Access
strtk5a-7260cx3-01,Ethernet170,strtk5a-7260cx3-fan-07,Ethernet43/3,50000,561,Access
strtk5a-7260cx3-01,Ethernet172,strtk5a-7260cx3-fan-07,Ethernet44/1,50000,562,Access
strtk5a-7260cx3-01,Ethernet174,strtk5a-7260cx3-fan-07,Ethernet44/3,50000,563,Access
strtk5a-7260cx3-01,Ethernet176,strtk5a-7260cx3-fan-07,Ethernet45/1,50000,564,Access
strtk5a-7260cx3-01,Ethernet178,strtk5a-7260cx3-fan-07,Ethernet45/3,50000,565,Access
strtk5a-7260cx3-01,Ethernet180,strtk5a-7260cx3-fan-07,Ethernet46/1,50000,566,Access
strtk5a-7260cx3-01,Ethernet182,strtk5a-7260cx3-fan-07,Ethernet46/3,50000,567,Access
strtk5a-7260cx3-01,Ethernet184,strtk5a-7260cx3-fan-07,Ethernet47/1,50000,568,Access
strtk5a-7260cx3-01,Ethernet186,strtk5a-7260cx3-fan-07,Ethernet47/3,50000,569,Access
strtk5a-7260cx3-01,Ethernet188,strtk5a-7260cx3-fan-07,Ethernet48/1,50000,570,Access
strtk5a-7260cx3-01,Ethernet190,strtk5a-7260cx3-fan-07,Ethernet48/3,50000,571,Access
strtk5a-7260cx3-01,Ethernet192,strtk5a-7260cx3-fan-07,Ethernet49/1,50000,572,Access
strtk5a-7260cx3-01,Ethernet194,strtk5a-7260cx3-fan-07,Ethernet49/3,50000,573,Access
strtk5a-7260cx3-01,Ethernet196,strtk5a-7260cx3-fan-07,Ethernet50/1,50000,574,Access
strtk5a-7260cx3-01,Ethernet198,strtk5a-7260cx3-fan-07,Ethernet50/3,50000,575,Access
strtk5a-7260cx3-01,Ethernet200,strtk5a-7260cx3-fan-07,Ethernet51/1,50000,576,Access
strtk5a-7260cx3-01,Ethernet202,strtk5a-7260cx3-fan-07,Ethernet51/3,50000,577,Access
strtk5a-7260cx3-01,Ethernet204,strtk5a-7260cx3-fan-07,Ethernet52/1,50000,578,Access
strtk5a-7260cx3-01,Ethernet206,strtk5a-7260cx3-fan-07,Ethernet52/3,50000,579,Access
strtk5a-7260cx3-01,Ethernet208,strtk5a-7260cx3-fan-07,Ethernet53/1,50000,580,Access
strtk5a-7260cx3-01,Ethernet210,strtk5a-7260cx3-fan-07,Ethernet53/3,50000,581,Access
strtk5a-7260cx3-01,Ethernet212,strtk5a-7260cx3-fan-07,Ethernet54/1,50000,582,Access
strtk5a-7260cx3-01,Ethernet214,strtk5a-7260cx3-fan-07,Ethernet54/3,50000,583,Access
strtk5a-7260cx3-01,Ethernet216,strtk5a-7260cx3-fan-07,Ethernet55/1,50000,584,Access
strtk5a-7260cx3-01,Ethernet218,strtk5a-7260cx3-fan-07,Ethernet55/3,50000,585,Access
strtk5a-7260cx3-01,Ethernet220,strtk5a-7260cx3-fan-07,Ethernet56/1,50000,586,Access
strtk5a-7260cx3-01,Ethernet222,strtk5a-7260cx3-fan-07,Ethernet56/3,50000,587,Access
strtk5a-7260cx3-01,Ethernet224,strtk5a-7260cx3-fan-07,Ethernet57/1,50000,588,Access
strtk5a-7260cx3-01,Ethernet226,strtk5a-7260cx3-fan-07,Ethernet57/3,50000,589,Access
strtk5a-7260cx3-01,Ethernet228,strtk5a-7260cx3-fan-07,Ethernet58/1,50000,590,Access
strtk5a-7260cx3-01,Ethernet230,strtk5a-7260cx3-fan-07,Ethernet58/3,50000,591,Access
strtk5a-7260cx3-01,Ethernet232,strtk5a-7260cx3-fan-07,Ethernet59/1,50000,592,Access
strtk5a-7260cx3-01,Ethernet234,strtk5a-7260cx3-fan-07,Ethernet59/3,50000,593,Access
strtk5a-7260cx3-01,Ethernet236,strtk5a-7260cx3-fan-07,Ethernet60/1,50000,594,Access
strtk5a-7260cx3-01,Ethernet238,strtk5a-7260cx3-fan-07,Ethernet60/3,50000,595,Access
strtk5a-7260cx3-01,Ethernet240,strtk5a-7260cx3-fan-07,Ethernet61/1,50000,596,Access
strtk5a-7260cx3-01,Ethernet242,strtk5a-7260cx3-fan-07,Ethernet61/3,50000,597,Access
strtk5a-7260cx3-01,Ethernet244,strtk5a-7260cx3-fan-07,Ethernet62/1,50000,598,Access
strtk5a-7260cx3-01,Ethernet246,strtk5a-7260cx3-fan-07,Ethernet62/3,50000,599,Access
strtk5a-7260cx3-01,Ethernet248,strtk5a-7260cx3-fan-07,Ethernet63/1,50000,600,Access
strtk5a-7260cx3-01,Ethernet250,strtk5a-7260cx3-fan-07,Ethernet63/3,50000,601,Access
strtk5a-7260cx3-01,Ethernet252,strtk5a-7260cx3-fan-07,Ethernet64/1,50000,602,Access
strtk5a-7260cx3-01,Ethernet254,strtk5a-7260cx3-fan-07,Ethernet64/3,50000,603,Access

strtk5a-7260cx3-02,Ethernet0,strtk5a-7260cx3-fan-08,Ethernet1/1,50000,604,Access
strtk5a-7260cx3-02,Ethernet2,strtk5a-7260cx3-fan-08,Ethernet1/3,50000,605,Access
strtk5a-7260cx3-02,Ethernet4,strtk5a-7260cx3-fan-08,Ethernet2/1,50000,606,Access
strtk5a-7260cx3-02,Ethernet6,strtk5a-7260cx3-fan-08,Ethernet2/3,50000,607,Access
strtk5a-7260cx3-02,Ethernet8,strtk5a-7260cx3-fan-08,Ethernet3/1,50000,608,Access
strtk5a-7260cx3-02,Ethernet10,strtk5a-7260cx3-fan-08,Ethernet3/3,50000,609,Access
strtk5a-7260cx3-02,Ethernet12,strtk5a-7260cx3-fan-08,Ethernet4/1,50000,610,Access
strtk5a-7260cx3-02,Ethernet14,strtk5a-7260cx3-fan-08,Ethernet4/3,50000,611,Access
strtk5a-7260cx3-02,Ethernet16,strtk5a-7260cx3-fan-08,Ethernet5/1,50000,612,Access
strtk5a-7260cx3-02,Ethernet18,strtk5a-7260cx3-fan-08,Ethernet5/3,50000,613,Access
strtk5a-7260cx3-02,Ethernet20,strtk5a-7260cx3-fan-08,Ethernet6/1,50000,614,Access
strtk5a-7260cx3-02,Ethernet22,strtk5a-7260cx3-fan-08,Ethernet6/3,50000,615,Access
strtk5a-7260cx3-02,Ethernet24,strtk5a-7260cx3-fan-08,Ethernet7/1,50000,616,Access
strtk5a-7260cx3-02,Ethernet26,strtk5a-7260cx3-fan-08,Ethernet7/3,50000,617,Access
strtk5a-7260cx3-02,Ethernet28,strtk5a-7260cx3-fan-08,Ethernet8/1,50000,618,Access
strtk5a-7260cx3-02,Ethernet30,strtk5a-7260cx3-fan-08,Ethernet8/3,50000,619,Access
strtk5a-7260cx3-02,Ethernet32,strtk5a-7260cx3-fan-08,Ethernet9/1,50000,620,Access
strtk5a-7260cx3-02,Ethernet34,strtk5a-7260cx3-fan-08,Ethernet9/3,50000,621,Access
strtk5a-7260cx3-02,Ethernet36,strtk5a-7260cx3-fan-08,Ethernet10/1,50000,622,Access
strtk5a-7260cx3-02,Ethernet38,strtk5a-7260cx3-fan-08,Ethernet10/3,50000,623,Access
strtk5a-7260cx3-02,Ethernet40,strtk5a-7260cx3-fan-08,Ethernet11/1,50000,624,Access
strtk5a-7260cx3-02,Ethernet42,strtk5a-7260cx3-fan-08,Ethernet11/3,50000,625,Access
strtk5a-7260cx3-02,Ethernet44,strtk5a-7260cx3-fan-08,Ethernet12/1,50000,626,Access
strtk5a-7260cx3-02,Ethernet46,strtk5a-7260cx3-fan-08,Ethernet12/3,50000,627,Access
strtk5a-7260cx3-02,Ethernet48,strtk5a-7260cx3-fan-08,Ethernet13/1,100000,628,Access
strtk5a-7260cx3-02,Ethernet52,strtk5a-7260cx3-fan-08,Ethernet14/1,100000,629,Access
strtk5a-7260cx3-02,Ethernet56,strtk5a-7260cx3-fan-08,Ethernet15/1,100000,630,Access
strtk5a-7260cx3-02,Ethernet60,strtk5a-7260cx3-fan-08,Ethernet16/1,100000,631,Access
strtk5a-7260cx3-02,Ethernet64,strtk5a-7260cx3-fan-08,Ethernet17/1,100000,632,Access
strtk5a-7260cx3-02,Ethernet68,strtk5a-7260cx3-fan-08,Ethernet18/1,100000,633,Access
strtk5a-7260cx3-02,Ethernet72,strtk5a-7260cx3-fan-08,Ethernet19/1,100000,634,Access
strtk5a-7260cx3-02,Ethernet76,strtk5a-7260cx3-fan-08,Ethernet20/1,100000,635,Access
strtk5a-7260cx3-02,Ethernet80,strtk5a-7260cx3-fan-08,Ethernet21/1,50000,636,Access
strtk5a-7260cx3-02,Ethernet82,strtk5a-7260cx3-fan-08,Ethernet21/3,50000,637,Access
strtk5a-7260cx3-02,Ethernet84,strtk5a-7260cx3-fan-08,Ethernet22/1,50000,638,Access
strtk5a-7260cx3-02,Ethernet86,strtk5a-7260cx3-fan-08,Ethernet22/3,50000,639,Access
strtk5a-7260cx3-02,Ethernet88,strtk5a-7260cx3-fan-08,Ethernet23/1,50000,640,Access
strtk5a-7260cx3-02,Ethernet90,strtk5a-7260cx3-fan-08,Ethernet23/3,50000,641,Access
strtk5a-7260cx3-02,Ethernet92,strtk5a-7260cx3-fan-08,Ethernet24/1,50000,642,Access
strtk5a-7260cx3-02,Ethernet94,strtk5a-7260cx3-fan-08,Ethernet24/3,50000,643,Access
strtk5a-7260cx3-02,Ethernet96,strtk5a-7260cx3-fan-08,Ethernet25/1,50000,644,Access
strtk5a-7260cx3-02,Ethernet98,strtk5a-7260cx3-fan-08,Ethernet25/3,50000,645,Access
strtk5a-7260cx3-02,Ethernet100,strtk5a-7260cx3-fan-08,Ethernet26/1,50000,646,Access
strtk5a-7260cx3-02,Ethernet102,strtk5a-7260cx3-fan-08,Ethernet26/3,50000,647,Access
strtk5a-7260cx3-02,Ethernet104,strtk5a-7260cx3-fan-08,Ethernet27/1,50000,648,Access
strtk5a-7260cx3-02,Ethernet106,strtk5a-7260cx3-fan-08,Ethernet27/3,50000,649,Access
strtk5a-7260cx3-02,Ethernet108,strtk5a-7260cx3-fan-08,Ethernet28/1,50000,650,Access
strtk5a-7260cx3-02,Ethernet110,strtk5a-7260cx3-fan-08,Ethernet28/3,50000,651,Access
strtk5a-7260cx3-02,Ethernet112,strtk5a-7260cx3-fan-08,Ethernet29/1,50000,652,Access
strtk5a-7260cx3-02,Ethernet114,strtk5a-7260cx3-fan-08,Ethernet29/3,50000,653,Access
strtk5a-7260cx3-02,Ethernet116,strtk5a-7260cx3-fan-08,Ethernet30/1,50000,654,Access
strtk5a-7260cx3-02,Ethernet118,strtk5a-7260cx3-fan-08,Ethernet30/3,50000,655,Access
strtk5a-7260cx3-02,Ethernet120,strtk5a-7260cx3-fan-08,Ethernet31/1,50000,656,Access
strtk5a-7260cx3-02,Ethernet122,strtk5a-7260cx3-fan-08,Ethernet31/3,50000,657,Access
strtk5a-7260cx3-02,Ethernet124,strtk5a-7260cx3-fan-08,Ethernet32/1,50000,658,Access
strtk5a-7260cx3-02,Ethernet126,strtk5a-7260cx3-fan-08,Ethernet32/3,50000,659,Access
strtk5a-7260cx3-02,Ethernet128,strtk5a-7260cx3-fan-08,Ethernet33/1,50000,660,Access
strtk5a-7260cx3-02,Ethernet130,strtk5a-7260cx3-fan-08,Ethernet33/3,50000,661,Access
strtk5a-7260cx3-02,Ethernet132,strtk5a-7260cx3-fan-08,Ethernet34/1,50000,662,Access
strtk5a-7260cx3-02,Ethernet134,strtk5a-7260cx3-fan-08,Ethernet34/3,50000,663,Access
strtk5a-7260cx3-02,Ethernet136,strtk5a-7260cx3-fan-08,Ethernet35/1,50000,664,Access
strtk5a-7260cx3-02,Ethernet138,strtk5a-7260cx3-fan-08,Ethernet35/3,50000,665,Access
strtk5a-7260cx3-02,Ethernet140,strtk5a-7260cx3-fan-08,Ethernet36/1,50000,666,Access
strtk5a-7260cx3-02,Ethernet142,strtk5a-7260cx3-fan-08,Ethernet36/3,50000,667,Access
strtk5a-7260cx3-02,Ethernet144,strtk5a-7260cx3-fan-08,Ethernet37/1,50000,668,Access
strtk5a-7260cx3-02,Ethernet146,strtk5a-7260cx3-fan-08,Ethernet37/3,50000,669,Access
strtk5a-7260cx3-02,Ethernet148,strtk5a-7260cx3-fan-08,Ethernet38/1,50000,670,Access
strtk5a-7260cx3-02,Ethernet150,strtk5a-7260cx3-fan-08,Ethernet38/3,50000,671,Access
strtk5a-7260cx3-02,Ethernet152,strtk5a-7260cx3-fan-08,Ethernet39/1,50000,672,Access
strtk5a-7260cx3-02,Ethernet154,strtk5a-7260cx3-fan-08,Ethernet39/3,50000,673,Access
strtk5a-7260cx3-02,Ethernet156,strtk5a-7260cx3-fan-08,Ethernet40/1,50000,674,Access
strtk5a-7260cx3-02,Ethernet158,strtk5a-7260cx3-fan-08,Ethernet40/3,50000,675,Access
strtk5a-7260cx3-02,Ethernet160,strtk5a-7260cx3-fan-08,Ethernet41/1,50000,676,Access
strtk5a-7260cx3-02,Ethernet162,strtk5a-7260cx3-fan-08,Ethernet41/3,50000,677,Access
strtk5a-7260cx3-02,Ethernet164,strtk5a-7260cx3-fan-08,Ethernet42/1,50000,678,Access
strtk5a-7260cx3-02,Ethernet166,strtk5a-7260cx3-fan-08,Ethernet42/3,50000,679,Access
strtk5a-7260cx3-02,Ethernet168,strtk5a-7260cx3-fan-08,Ethernet43/1,50000,680,Access
strtk5a-7260cx3-02,Ethernet170,strtk5a-7260cx3-fan-08,Ethernet43/3,50000,681,Access
strtk5a-7260cx3-02,Ethernet172,strtk5a-7260cx3-fan-08,Ethernet44/1,50000,682,Access
strtk5a-7260cx3-02,Ethernet174,strtk5a-7260cx3-fan-08,Ethernet44/3,50000,683,Access
strtk5a-7260cx3-02,Ethernet176,strtk5a-7260cx3-fan-08,Ethernet45/1,50000,684,Access
strtk5a-7260cx3-02,Ethernet178,strtk5a-7260cx3-fan-08,Ethernet45/3,50000,685,Access
strtk5a-7260cx3-02,Ethernet180,strtk5a-7260cx3-fan-08,Ethernet46/1,50000,686,Access
strtk5a-7260cx3-02,Ethernet182,strtk5a-7260cx3-fan-08,Ethernet46/3,50000,687,Access
strtk5a-7260cx3-02,Ethernet184,strtk5a-7260cx3-fan-08,Ethernet47/1,50000,688,Access
strtk5a-7260cx3-02,Ethernet186,strtk5a-7260cx3-fan-08,Ethernet47/3,50000,689,Access
strtk5a-7260cx3-02,Ethernet188,strtk5a-7260cx3-fan-08,Ethernet48/1,50000,690,Access
strtk5a-7260cx3-02,Ethernet190,strtk5a-7260cx3-fan-08,Ethernet48/3,50000,691,Access
strtk5a-7260cx3-02,Ethernet192,strtk5a-7260cx3-fan-08,Ethernet49/1,50000,692,Access
strtk5a-7260cx3-02,Ethernet194,strtk5a-7260cx3-fan-08,Ethernet49/3,50000,693,Access
strtk5a-7260cx3-02,Ethernet196,strtk5a-7260cx3-fan-08,Ethernet50/1,50000,694,Access
strtk5a-7260cx3-02,Ethernet198,strtk5a-7260cx3-fan-08,Ethernet50/3,50000,695,Access
strtk5a-7260cx3-02,Ethernet200,strtk5a-7260cx3-fan-08,Ethernet51/1,50000,696,Access
strtk5a-7260cx3-02,Ethernet202,strtk5a-7260cx3-fan-08,Ethernet51/3,50000,697,Access
strtk5a-7260cx3-02,Ethernet204,strtk5a-7260cx3-fan-08,Ethernet52/1,50000,698,Access
strtk5a-7260cx3-02,Ethernet206,strtk5a-7260cx3-fan-08,Ethernet52/3,50000,699,Access
strtk5a-7260cx3-02,Ethernet208,strtk5a-7260cx3-fan-08,Ethernet53/1,50000,700,Access
strtk5a-7260cx3-02,Ethernet210,strtk5a-7260cx3-fan-08,Ethernet53/3,50000,701,Access
strtk5a-7260cx3-02,Ethernet212,strtk5a-7260cx3-fan-08,Ethernet54/1,50000,702,Access
strtk5a-7260cx3-02,Ethernet214,strtk5a-7260cx3-fan-08,Ethernet54/3,50000,703,Access
strtk5a-7260cx3-02,Ethernet216,strtk5a-7260cx3-fan-08,Ethernet55/1,50000,704,Access
strtk5a-7260cx3-02,Ethernet218,strtk5a-7260cx3-fan-08,Ethernet55/3,50000,705,Access
strtk5a-7260cx3-02,Ethernet220,strtk5a-7260cx3-fan-08,Ethernet56/1,50000,706,Access
strtk5a-7260cx3-02,Ethernet222,strtk5a-7260cx3-fan-08,Ethernet56/3,50000,707,Access
strtk5a-7260cx3-02,Ethernet224,strtk5a-7260cx3-fan-08,Ethernet57/1,50000,708,Access
strtk5a-7260cx3-02,Ethernet226,strtk5a-7260cx3-fan-08,Ethernet57/3,50000,709,Access
strtk5a-7260cx3-02,Ethernet228,strtk5a-7260cx3-fan-08,Ethernet58/1,50000,710,Access
strtk5a-7260cx3-02,Ethernet230,strtk5a-7260cx3-fan-08,Ethernet58/3,50000,711,Access
strtk5a-7260cx3-02,Ethernet232,strtk5a-7260cx3-fan-08,Ethernet59/1,50000,712,Access
strtk5a-7260cx3-02,Ethernet234,strtk5a-7260cx3-fan-08,Ethernet59/3,50000,713,Access
strtk5a-7260cx3-02,Ethernet236,strtk5a-7260cx3-fan-08,Ethernet60/1,50000,714,Access
strtk5a-7260cx3-02,Ethernet238,strtk5a-7260cx3-fan-08,Ethernet60/3,50000,715,Access
strtk5a-7260cx3-02,Ethernet240,strtk5a-7260cx3-fan-08,Ethernet61/1,50000,716,Access
strtk5a-7260cx3-02,Ethernet242,strtk5a-7260cx3-fan-08,Ethernet61/3,50000,717,Access
strtk5a-7260cx3-02,Ethernet244,strtk5a-7260cx3-fan-08,Ethernet62/1,50000,718,Access
strtk5a-7260cx3-02,Ethernet246,strtk5a-7260cx3-fan-08,Ethernet62/3,50000,719,Access
strtk5a-7260cx3-02,Ethernet248,strtk5a-7260cx3-fan-08,Ethernet63/1,50000,720,Access
strtk5a-7260cx3-02,Ethernet250,strtk5a-7260cx3-fan-08,Ethernet63/3,50000,721,Access
strtk5a-7260cx3-02,Ethernet252,strtk5a-7260cx3-fan-08,Ethernet64/1,50000,722,Access
strtk5a-7260cx3-02,Ethernet254,strtk5a-7260cx3-fan-08,Ethernet64/3,50000,723,Access

strtk5a-7260cx3-03,Ethernet0,strtk5a-7260cx3-fan-09,Ethernet1/1,50000,724,Access
strtk5a-7260cx3-03,Ethernet2,strtk5a-7260cx3-fan-09,Ethernet1/3,50000,725,Access
strtk5a-7260cx3-03,Ethernet4,strtk5a-7260cx3-fan-09,Ethernet2/1,50000,726,Access
strtk5a-7260cx3-03,Ethernet6,strtk5a-7260cx3-fan-09,Ethernet2/3,50000,727,Access
strtk5a-7260cx3-03,Ethernet8,strtk5a-7260cx3-fan-09,Ethernet3/1,50000,728,Access
strtk5a-7260cx3-03,Ethernet10,strtk5a-7260cx3-fan-09,Ethernet3/3,50000,729,Access
strtk5a-7260cx3-03,Ethernet12,strtk5a-7260cx3-fan-09,Ethernet4/1,50000,730,Access
strtk5a-7260cx3-03,Ethernet14,strtk5a-7260cx3-fan-09,Ethernet4/3,50000,731,Access
strtk5a-7260cx3-03,Ethernet16,strtk5a-7260cx3-fan-09,Ethernet5/1,50000,732,Access
strtk5a-7260cx3-03,Ethernet18,strtk5a-7260cx3-fan-09,Ethernet5/3,50000,733,Access
strtk5a-7260cx3-03,Ethernet20,strtk5a-7260cx3-fan-09,Ethernet6/1,50000,734,Access
strtk5a-7260cx3-03,Ethernet22,strtk5a-7260cx3-fan-09,Ethernet6/3,50000,735,Access
strtk5a-7260cx3-03,Ethernet24,strtk5a-7260cx3-fan-09,Ethernet7/1,50000,736,Access
strtk5a-7260cx3-03,Ethernet26,strtk5a-7260cx3-fan-09,Ethernet7/3,50000,737,Access
strtk5a-7260cx3-03,Ethernet28,strtk5a-7260cx3-fan-09,Ethernet8/1,50000,738,Access
strtk5a-7260cx3-03,Ethernet30,strtk5a-7260cx3-fan-09,Ethernet8/3,50000,739,Access
strtk5a-7260cx3-03,Ethernet32,strtk5a-7260cx3-fan-09,Ethernet9/1,50000,740,Access
strtk5a-7260cx3-03,Ethernet34,strtk5a-7260cx3-fan-09,Ethernet9/3,50000,741,Access
strtk5a-7260cx3-03,Ethernet36,strtk5a-7260cx3-fan-09,Ethernet10/1,50000,742,Access
strtk5a-7260cx3-03,Ethernet38,strtk5a-7260cx3-fan-09,Ethernet10/3,50000,743,Access
strtk5a-7260cx3-03,Ethernet40,strtk5a-7260cx3-fan-09,Ethernet11/1,50000,744,Access
strtk5a-7260cx3-03,Ethernet42,strtk5a-7260cx3-fan-09,Ethernet11/3,50000,745,Access
strtk5a-7260cx3-03,Ethernet44,strtk5a-7260cx3-fan-09,Ethernet12/1,50000,746,Access
strtk5a-7260cx3-03,Ethernet46,strtk5a-7260cx3-fan-09,Ethernet12/3,50000,747,Access
strtk5a-7260cx3-03,Ethernet48,strtk5a-7260cx3-fan-09,Ethernet13/1,100000,748,Access
strtk5a-7260cx3-03,Ethernet52,strtk5a-7260cx3-fan-09,Ethernet14/1,100000,749,Access
strtk5a-7260cx3-03,Ethernet56,strtk5a-7260cx3-fan-09,Ethernet15/1,100000,750,Access
strtk5a-7260cx3-03,Ethernet60,strtk5a-7260cx3-fan-09,Ethernet16/1,100000,751,Access
strtk5a-7260cx3-03,Ethernet64,strtk5a-7260cx3-fan-09,Ethernet17/1,100000,752,Access
strtk5a-7260cx3-03,Ethernet68,strtk5a-7260cx3-fan-09,Ethernet18/1,100000,753,Access
strtk5a-7260cx3-03,Ethernet72,strtk5a-7260cx3-fan-09,Ethernet19/1,100000,754,Access
strtk5a-7260cx3-03,Ethernet76,strtk5a-7260cx3-fan-09,Ethernet20/1,100000,755,Access
strtk5a-7260cx3-03,Ethernet80,strtk5a-7260cx3-fan-09,Ethernet21/1,50000,756,Access
strtk5a-7260cx3-03,Ethernet82,strtk5a-7260cx3-fan-09,Ethernet21/3,50000,757,Access
strtk5a-7260cx3-03,Ethernet84,strtk5a-7260cx3-fan-09,Ethernet22/1,50000,758,Access
strtk5a-7260cx3-03,Ethernet86,strtk5a-7260cx3-fan-09,Ethernet22/3,50000,759,Access
strtk5a-7260cx3-03,Ethernet88,strtk5a-7260cx3-fan-09,Ethernet23/1,50000,760,Access
strtk5a-7260cx3-03,Ethernet90,strtk5a-7260cx3-fan-09,Ethernet23/3,50000,761,Access
strtk5a-7260cx3-03,Ethernet92,strtk5a-7260cx3-fan-09,Ethernet24/1,50000,762,Access
strtk5a-7260cx3-03,Ethernet94,strtk5a-7260cx3-fan-09,Ethernet24/3,50000,763,Access
strtk5a-7260cx3-03,Ethernet96,strtk5a-7260cx3-fan-09,Ethernet25/1,50000,764,Access
strtk5a-7260cx3-03,Ethernet98,strtk5a-7260cx3-fan-09,Ethernet25/3,50000,765,Access
strtk5a-7260cx3-03,Ethernet100,strtk5a-7260cx3-fan-09,Ethernet26/1,50000,766,Access
strtk5a-7260cx3-03,Ethernet102,strtk5a-7260cx3-fan-09,Ethernet26/3,50000,767,Access
strtk5a-7260cx3-03,Ethernet104,strtk5a-7260cx3-fan-09,Ethernet27/1,50000,768,Access
strtk5a-7260cx3-03,Ethernet106,strtk5a-7260cx3-fan-09,Ethernet27/3,50000,769,Access
strtk5a-7260cx3-03,Ethernet108,strtk5a-7260cx3-fan-09,Ethernet28/1,50000,770,Access
strtk5a-7260cx3-03,Ethernet110,strtk5a-7260cx3-fan-09,Ethernet28/3,50000,771,Access
strtk5a-7260cx3-03,Ethernet112,strtk5a-7260cx3-fan-09,Ethernet29/1,50000,772,Access
strtk5a-7260cx3-03,Ethernet114,strtk5a-7260cx3-fan-09,Ethernet29/3,50000,773,Access
strtk5a-7260cx3-03,Ethernet116,strtk5a-7260cx3-fan-09,Ethernet30/1,50000,774,Access
strtk5a-7260cx3-03,Ethernet118,strtk5a-7260cx3-fan-09,Ethernet30/3,50000,775,Access
strtk5a-7260cx3-03,Ethernet120,strtk5a-7260cx3-fan-09,Ethernet31/1,50000,776,Access
strtk5a-7260cx3-03,Ethernet122,strtk5a-7260cx3-fan-09,Ethernet31/3,50000,777,Access
strtk5a-7260cx3-03,Ethernet124,strtk5a-7260cx3-fan-09,Ethernet32/1,50000,778,Access
strtk5a-7260cx3-03,Ethernet126,strtk5a-7260cx3-fan-09,Ethernet32/3,50000,779,Access
strtk5a-7260cx3-03,Ethernet128,strtk5a-7260cx3-fan-09,Ethernet33/1,50000,780,Access
strtk5a-7260cx3-03,Ethernet130,strtk5a-7260cx3-fan-09,Ethernet33/3,50000,781,Access
strtk5a-7260cx3-03,Ethernet132,strtk5a-7260cx3-fan-09,Ethernet34/1,50000,782,Access
strtk5a-7260cx3-03,Ethernet134,strtk5a-7260cx3-fan-09,Ethernet34/3,50000,783,Access
strtk5a-7260cx3-03,Ethernet136,strtk5a-7260cx3-fan-09,Ethernet35/1,50000,784,Access
strtk5a-7260cx3-03,Ethernet138,strtk5a-7260cx3-fan-09,Ethernet35/3,50000,785,Access
strtk5a-7260cx3-03,Ethernet140,strtk5a-7260cx3-fan-09,Ethernet36/1,50000,786,Access
strtk5a-7260cx3-03,Ethernet142,strtk5a-7260cx3-fan-09,Ethernet36/3,50000,787,Access
strtk5a-7260cx3-03,Ethernet144,strtk5a-7260cx3-fan-09,Ethernet37/1,50000,788,Access
strtk5a-7260cx3-03,Ethernet146,strtk5a-7260cx3-fan-09,Ethernet37/3,50000,789,Access
strtk5a-7260cx3-03,Ethernet148,strtk5a-7260cx3-fan-09,Ethernet38/1,50000,790,Access
strtk5a-7260cx3-03,Ethernet150,strtk5a-7260cx3-fan-09,Ethernet38/3,50000,791,Access
strtk5a-7260cx3-03,Ethernet152,strtk5a-7260cx3-fan-09,Ethernet39/1,50000,792,Access
strtk5a-7260cx3-03,Ethernet154,strtk5a-7260cx3-fan-09,Ethernet39/3,50000,793,Access
strtk5a-7260cx3-03,Ethernet156,strtk5a-7260cx3-fan-09,Ethernet40/1,50000,794,Access
strtk5a-7260cx3-03,Ethernet158,strtk5a-7260cx3-fan-09,Ethernet40/3,50000,795,Access
strtk5a-7260cx3-03,Ethernet160,strtk5a-7260cx3-fan-09,Ethernet41/1,50000,796,Access
strtk5a-7260cx3-03,Ethernet162,strtk5a-7260cx3-fan-09,Ethernet41/3,50000,797,Access
strtk5a-7260cx3-03,Ethernet164,strtk5a-7260cx3-fan-09,Ethernet42/1,50000,798,Access
strtk5a-7260cx3-03,Ethernet166,strtk5a-7260cx3-fan-09,Ethernet42/3,50000,799,Access
strtk5a-7260cx3-03,Ethernet168,strtk5a-7260cx3-fan-09,Ethernet43/1,50000,800,Access
strtk5a-7260cx3-03,Ethernet170,strtk5a-7260cx3-fan-09,Ethernet43/3,50000,801,Access
strtk5a-7260cx3-03,Ethernet172,strtk5a-7260cx3-fan-09,Ethernet44/1,50000,802,Access
strtk5a-7260cx3-03,Ethernet174,strtk5a-7260cx3-fan-09,Ethernet44/3,50000,803,Access
strtk5a-7260cx3-03,Ethernet176,strtk5a-7260cx3-fan-09,Ethernet45/1,50000,804,Access
strtk5a-7260cx3-03,Ethernet178,strtk5a-7260cx3-fan-09,Ethernet45/3,50000,805,Access
strtk5a-7260cx3-03,Ethernet180,strtk5a-7260cx3-fan-09,Ethernet46/1,50000,806,Access
strtk5a-7260cx3-03,Ethernet182,strtk5a-7260cx3-fan-09,Ethernet46/3,50000,807,Access
strtk5a-7260cx3-03,Ethernet184,strtk5a-7260cx3-fan-09,Ethernet47/1,50000,808,Access
strtk5a-7260cx3-03,Ethernet186,strtk5a-7260cx3-fan-09,Ethernet47/3,50000,809,Access
strtk5a-7260cx3-03,Ethernet188,strtk5a-7260cx3-fan-09,Ethernet48/1,50000,810,Access
strtk5a-7260cx3-03,Ethernet190,strtk5a-7260cx3-fan-09,Ethernet48/3,50000,811,Access
strtk5a-7260cx3-03,Ethernet192,strtk5a-7260cx3-fan-09,Ethernet49/1,50000,812,Access
strtk5a-7260cx3-03,Ethernet194,strtk5a-7260cx3-fan-09,Ethernet49/3,50000,813,Access
strtk5a-7260cx3-03,Ethernet196,strtk5a-7260cx3-fan-09,Ethernet50/1,50000,814,Access
strtk5a-7260cx3-03,Ethernet198,strtk5a-7260cx3-fan-09,Ethernet50/3,50000,815,Access
strtk5a-7260cx3-03,Ethernet200,strtk5a-7260cx3-fan-09,Ethernet51/1,50000,816,Access
strtk5a-7260cx3-03,Ethernet202,strtk5a-7260cx3-fan-09,Ethernet51/3,50000,817,Access
strtk5a-7260cx3-03,Ethernet204,strtk5a-7260cx3-fan-09,Ethernet52/1,50000,818,Access
strtk5a-7260cx3-03,Ethernet206,strtk5a-7260cx3-fan-09,Ethernet52/3,50000,819,Access
strtk5a-7260cx3-03,Ethernet208,strtk5a-7260cx3-fan-09,Ethernet53/1,50000,820,Access
strtk5a-7260cx3-03,Ethernet210,strtk5a-7260cx3-fan-09,Ethernet53/3,50000,821,Access
strtk5a-7260cx3-03,Ethernet212,strtk5a-7260cx3-fan-09,Ethernet54/1,50000,822,Access
strtk5a-7260cx3-03,Ethernet214,strtk5a-7260cx3-fan-09,Ethernet54/3,50000,823,Access
strtk5a-7260cx3-03,Ethernet216,strtk5a-7260cx3-fan-09,Ethernet55/1,50000,824,Access
strtk5a-7260cx3-03,Ethernet218,strtk5a-7260cx3-fan-09,Ethernet55/3,50000,825,Access
strtk5a-7260cx3-03,Ethernet220,strtk5a-7260cx3-fan-09,Ethernet56/1,50000,826,Access
strtk5a-7260cx3-03,Ethernet222,strtk5a-7260cx3-fan-09,Ethernet56/3,50000,827,Access
strtk5a-7260cx3-03,Ethernet224,strtk5a-7260cx3-fan-09,Ethernet57/1,50000,828,Access
strtk5a-7260cx3-03,Ethernet226,strtk5a-7260cx3-fan-09,Ethernet57/3,50000,829,Access
strtk5a-7260cx3-03,Ethernet228,strtk5a-7260cx3-fan-09,Ethernet58/1,50000,830,Access
strtk5a-7260cx3-03,Ethernet230,strtk5a-7260cx3-fan-09,Ethernet58/3,50000,831,Access
strtk5a-7260cx3-03,Ethernet232,strtk5a-7260cx3-fan-09,Ethernet59/1,50000,832,Access
strtk5a-7260cx3-03,Ethernet234,strtk5a-7260cx3-fan-09,Ethernet59/3,50000,833,Access
strtk5a-7260cx3-03,Ethernet236,strtk5a-7260cx3-fan-09,Ethernet60/1,50000,834,Access
strtk5a-7260cx3-03,Ethernet238,strtk5a-7260cx3-fan-09,Ethernet60/3,50000,835,Access
strtk5a-7260cx3-03,Ethernet240,strtk5a-7260cx3-fan-09,Ethernet61/1,50000,836,Access
strtk5a-7260cx3-03,Ethernet242,strtk5a-7260cx3-fan-09,Ethernet61/3,50000,837,Access
strtk5a-7260cx3-03,Ethernet244,strtk5a-7260cx3-fan-09,Ethernet62/1,50000,838,Access
strtk5a-7260cx3-03,Ethernet246,strtk5a-7260cx3-fan-09,Ethernet62/3,50000,839,Access
strtk5a-7260cx3-03,Ethernet248,strtk5a-7260cx3-fan-09,Ethernet63/1,50000,840,Access
strtk5a-7260cx3-03,Ethernet250,strtk5a-7260cx3-fan-09,Ethernet63/3,50000,841,Access
strtk5a-7260cx3-03,Ethernet252,strtk5a-7260cx3-fan-09,Ethernet64/1,50000,842,Access
strtk5a-7260cx3-03,Ethernet254,strtk5a-7260cx3-fan-09,Ethernet64/3,50000,843,Access

strtk5a-7260cx3-04,Ethernet0,strtk5a-7260cx3-fan-10,Ethernet1/1,50000,844,Access
strtk5a-7260cx3-04,Ethernet2,strtk5a-7260cx3-fan-10,Ethernet1/3,50000,845,Access
strtk5a-7260cx3-04,Ethernet4,strtk5a-7260cx3-fan-10,Ethernet2/1,50000,846,Access
strtk5a-7260cx3-04,Ethernet6,strtk5a-7260cx3-fan-10,Ethernet2/3,50000,847,Access
strtk5a-7260cx3-04,Ethernet8,strtk5a-7260cx3-fan-10,Ethernet3/1,50000,848,Access
strtk5a-7260cx3-04,Ethernet10,strtk5a-7260cx3-fan-10,Ethernet3/3,50000,849,Access
strtk5a-7260cx3-04,Ethernet12,strtk5a-7260cx3-fan-10,Ethernet4/1,50000,850,Access
strtk5a-7260cx3-04,Ethernet14,strtk5a-7260cx3-fan-10,Ethernet4/3,50000,851,Access
strtk5a-7260cx3-04,Ethernet16,strtk5a-7260cx3-fan-10,Ethernet5/1,50000,852,Access
strtk5a-7260cx3-04,Ethernet18,strtk5a-7260cx3-fan-10,Ethernet5/3,50000,853,Access
strtk5a-7260cx3-04,Ethernet20,strtk5a-7260cx3-fan-10,Ethernet6/1,50000,854,Access
strtk5a-7260cx3-04,Ethernet22,strtk5a-7260cx3-fan-10,Ethernet6/3,50000,855,Access
strtk5a-7260cx3-04,Ethernet24,strtk5a-7260cx3-fan-10,Ethernet7/1,50000,856,Access
strtk5a-7260cx3-04,Ethernet26,strtk5a-7260cx3-fan-10,Ethernet7/3,50000,857,Access
strtk5a-7260cx3-04,Ethernet28,strtk5a-7260cx3-fan-10,Ethernet8/1,50000,858,Access
strtk5a-7260cx3-04,Ethernet30,strtk5a-7260cx3-fan-10,Ethernet8/3,50000,859,Access
strtk5a-7260cx3-04,Ethernet32,strtk5a-7260cx3-fan-10,Ethernet9/1,50000,860,Access
strtk5a-7260cx3-04,Ethernet34,strtk5a-7260cx3-fan-10,Ethernet9/3,50000,861,Access
strtk5a-7260cx3-04,Ethernet36,strtk5a-7260cx3-fan-10,Ethernet10/1,50000,862,Access
strtk5a-7260cx3-04,Ethernet38,strtk5a-7260cx3-fan-10,Ethernet10/3,50000,863,Access
strtk5a-7260cx3-04,Ethernet40,strtk5a-7260cx3-fan-10,Ethernet11/1,50000,864,Access
strtk5a-7260cx3-04,Ethernet42,strtk5a-7260cx3-fan-10,Ethernet11/3,50000,865,Access
strtk5a-7260cx3-04,Ethernet44,strtk5a-7260cx3-fan-10,Ethernet12/1,50000,866,Access
strtk5a-7260cx3-04,Ethernet46,strtk5a-7260cx3-fan-10,Ethernet12/3,50000,867,Access
strtk5a-7260cx3-04,Ethernet48,strtk5a-7260cx3-fan-10,Ethernet13/1,100000,868,Access
strtk5a-7260cx3-04,Ethernet52,strtk5a-7260cx3-fan-10,Ethernet14/1,100000,869,Access
strtk5a-7260cx3-04,Ethernet56,strtk5a-7260cx3-fan-10,Ethernet15/1,100000,870,Access
strtk5a-7260cx3-04,Ethernet60,strtk5a-7260cx3-fan-10,Ethernet16/1,100000,871,Access
strtk5a-7260cx3-04,Ethernet64,strtk5a-7260cx3-fan-10,Ethernet17/1,100000,872,Access
strtk5a-7260cx3-04,Ethernet68,strtk5a-7260cx3-fan-10,Ethernet18/1,100000,873,Access
strtk5a-7260cx3-04,Ethernet72,strtk5a-7260cx3-fan-10,Ethernet19/1,100000,874,Access
strtk5a-7260cx3-04,Ethernet76,strtk5a-7260cx3-fan-10,Ethernet20/1,100000,875,Access
strtk5a-7260cx3-04,Ethernet80,strtk5a-7260cx3-fan-10,Ethernet21/1,50000,876,Access
strtk5a-7260cx3-04,Ethernet82,strtk5a-7260cx3-fan-10,Ethernet21/3,50000,877,Access
strtk5a-7260cx3-04,Ethernet84,strtk5a-7260cx3-fan-10,Ethernet22/1,50000,878,Access
strtk5a-7260cx3-04,Ethernet86,strtk5a-7260cx3-fan-10,Ethernet22/3,50000,879,Access
strtk5a-7260cx3-04,Ethernet88,strtk5a-7260cx3-fan-10,Ethernet23/1,50000,880,Access
strtk5a-7260cx3-04,Ethernet90,strtk5a-7260cx3-fan-10,Ethernet23/3,50000,881,Access
strtk5a-7260cx3-04,Ethernet92,strtk5a-7260cx3-fan-10,Ethernet24/1,50000,882,Access
strtk5a-7260cx3-04,Ethernet94,strtk5a-7260cx3-fan-10,Ethernet24/3,50000,883,Access
strtk5a-7260cx3-04,Ethernet96,strtk5a-7260cx3-fan-10,Ethernet25/1,50000,884,Access
strtk5a-7260cx3-04,Ethernet98,strtk5a-7260cx3-fan-10,Ethernet25/3,50000,885,Access
strtk5a-7260cx3-04,Ethernet100,strtk5a-7260cx3-fan-10,Ethernet26/1,50000,886,Access
strtk5a-7260cx3-04,Ethernet102,strtk5a-7260cx3-fan-10,Ethernet26/3,50000,887,Access
strtk5a-7260cx3-04,Ethernet104,strtk5a-7260cx3-fan-10,Ethernet27/1,50000,888,Access
strtk5a-7260cx3-04,Ethernet106,strtk5a-7260cx3-fan-10,Ethernet27/3,50000,889,Access
strtk5a-7260cx3-04,Ethernet108,strtk5a-7260cx3-fan-10,Ethernet28/1,50000,890,Access
strtk5a-7260cx3-04,Ethernet110,strtk5a-7260cx3-fan-10,Ethernet28/3,50000,891,Access
strtk5a-7260cx3-04,Ethernet112,strtk5a-7260cx3-fan-10,Ethernet29/1,50000,892,Access
strtk5a-7260cx3-04,Ethernet114,strtk5a-7260cx3-fan-10,Ethernet29/3,50000,893,Access
strtk5a-7260cx3-04,Ethernet116,strtk5a-7260cx3-fan-10,Ethernet30/1,50000,894,Access
strtk5a-7260cx3-04,Ethernet118,strtk5a-7260cx3-fan-10,Ethernet30/3,50000,895,Access
strtk5a-7260cx3-04,Ethernet120,strtk5a-7260cx3-fan-10,Ethernet31/1,50000,896,Access
strtk5a-7260cx3-04,Ethernet122,strtk5a-7260cx3-fan-10,Ethernet31/3,50000,897,Access
strtk5a-7260cx3-04,Ethernet124,strtk5a-7260cx3-fan-10,Ethernet32/1,50000,898,Access
strtk5a-7260cx3-04,Ethernet126,strtk5a-7260cx3-fan-10,Ethernet32/3,50000,899,Access
strtk5a-7260cx3-04,Ethernet128,strtk5a-7260cx3-fan-10,Ethernet33/1,50000,900,Access
strtk5a-7260cx3-04,Ethernet130,strtk5a-7260cx3-fan-10,Ethernet33/3,50000,901,Access
strtk5a-7260cx3-04,Ethernet132,strtk5a-7260cx3-fan-10,Ethernet34/1,50000,902,Access
strtk5a-7260cx3-04,Ethernet134,strtk5a-7260cx3-fan-10,Ethernet34/3,50000,903,Access
strtk5a-7260cx3-04,Ethernet136,strtk5a-7260cx3-fan-10,Ethernet35/1,50000,904,Access
strtk5a-7260cx3-04,Ethernet138,strtk5a-7260cx3-fan-10,Ethernet35/3,50000,905,Access
strtk5a-7260cx3-04,Ethernet140,strtk5a-7260cx3-fan-10,Ethernet36/1,50000,906,Access
strtk5a-7260cx3-04,Ethernet142,strtk5a-7260cx3-fan-10,Ethernet36/3,50000,907,Access
strtk5a-7260cx3-04,Ethernet144,strtk5a-7260cx3-fan-10,Ethernet37/1,50000,908,Access
strtk5a-7260cx3-04,Ethernet146,strtk5a-7260cx3-fan-10,Ethernet37/3,50000,909,Access
strtk5a-7260cx3-04,Ethernet148,strtk5a-7260cx3-fan-10,Ethernet38/1,50000,910,Access
strtk5a-7260cx3-04,Ethernet150,strtk5a-7260cx3-fan-10,Ethernet38/3,50000,911,Access
strtk5a-7260cx3-04,Ethernet152,strtk5a-7260cx3-fan-10,Ethernet39/1,50000,912,Access
strtk5a-7260cx3-04,Ethernet154,strtk5a-7260cx3-fan-10,Ethernet39/3,50000,913,Access
strtk5a-7260cx3-04,Ethernet156,strtk5a-7260cx3-fan-10,Ethernet40/1,50000,914,Access
strtk5a-7260cx3-04,Ethernet158,strtk5a-7260cx3-fan-10,Ethernet40/3,50000,915,Access
strtk5a-7260cx3-04,Ethernet160,strtk5a-7260cx3-fan-10,Ethernet41/1,50000,916,Access
strtk5a-7260cx3-04,Ethernet162,strtk5a-7260cx3-fan-10,Ethernet41/3,50000,917,Access
strtk5a-7260cx3-04,Ethernet164,strtk5a-7260cx3-fan-10,Ethernet42/1,50000,918,Access
strtk5a-7260cx3-04,Ethernet166,strtk5a-7260cx3-fan-10,Ethernet42/3,50000,919,Access
strtk5a-7260cx3-04,Ethernet168,strtk5a-7260cx3-fan-10,Ethernet43/1,50000,920,Access
strtk5a-7260cx3-04,Ethernet170,strtk5a-7260cx3-fan-10,Ethernet43/3,50000,921,Access
strtk5a-7260cx3-04,Ethernet172,strtk5a-7260cx3-fan-10,Ethernet44/1,50000,922,Access
strtk5a-7260cx3-04,Ethernet174,strtk5a-7260cx3-fan-10,Ethernet44/3,50000,923,Access
strtk5a-7260cx3-04,Ethernet176,strtk5a-7260cx3-fan-10,Ethernet45/1,50000,924,Access
strtk5a-7260cx3-04,Ethernet178,strtk5a-7260cx3-fan-10,Ethernet45/3,50000,925,Access
strtk5a-7260cx3-04,Ethernet180,strtk5a-7260cx3-fan-10,Ethernet46/1,50000,926,Access
strtk5a-7260cx3-04,Ethernet182,strtk5a-7260cx3-fan-10,Ethernet46/3,50000,927,Access
strtk5a-7260cx3-04,Ethernet184,strtk5a-7260cx3-fan-10,Ethernet47/1,50000,928,Access
strtk5a-7260cx3-04,Ethernet186,strtk5a-7260cx3-fan-10,Ethernet47/3,50000,929,Access
strtk5a-7260cx3-04,Ethernet188,strtk5a-7260cx3-fan-10,Ethernet48/1,50000,930,Access
strtk5a-7260cx3-04,Ethernet190,strtk5a-7260cx3-fan-10,Ethernet48/3,50000,931,Access
strtk5a-7260cx3-04,Ethernet192,strtk5a-7260cx3-fan-10,Ethernet49/1,50000,932,Access
strtk5a-7260cx3-04,Ethernet194,strtk5a-7260cx3-fan-10,Ethernet49/3,50000,933,Access
strtk5a-7260cx3-04,Ethernet196,strtk5a-7260cx3-fan-10,Ethernet50/1,50000,934,Access
strtk5a-7260cx3-04,Ethernet198,strtk5a-7260cx3-fan-10,Ethernet50/3,50000,935,Access
strtk5a-7260cx3-04,Ethernet200,strtk5a-7260cx3-fan-10,Ethernet51/1,50000,936,Access
strtk5a-7260cx3-04,Ethernet202,strtk5a-7260cx3-fan-10,Ethernet51/3,50000,937,Access
strtk5a-7260cx3-04,Ethernet204,strtk5a-7260cx3-fan-10,Ethernet52/1,50000,938,Access
strtk5a-7260cx3-04,Ethernet206,strtk5a-7260cx3-fan-10,Ethernet52/3,50000,939,Access
strtk5a-7260cx3-04,Ethernet208,strtk5a-7260cx3-fan-10,Ethernet53/1,50000,940,Access
strtk5a-7260cx3-04,Ethernet210,strtk5a-7260cx3-fan-10,Ethernet53/3,50000,941,Access
strtk5a-7260cx3-04,Ethernet212,strtk5a-7260cx3-fan-10,Ethernet54/1,50000,942,Access
strtk5a-7260cx3-04,Ethernet214,strtk5a-7260cx3-fan-10,Ethernet54/3,50000,943,Access
strtk5a-7260cx3-04,Ethernet216,strtk5a-7260cx3-fan-10,Ethernet55/1,50000,944,Access
strtk5a-7260cx3-04,Ethernet218,strtk5a-7260cx3-fan-10,Ethernet55/3,50000,945,Access
strtk5a-7260cx3-04,Ethernet220,strtk5a-7260cx3-fan-10,Ethernet56/1,50000,946,Access
strtk5a-7260cx3-04,Ethernet222,strtk5a-7260cx3-fan-10,Ethernet56/3,50000,947,Access
strtk5a-7260cx3-04,Ethernet224,strtk5a-7260cx3-fan-10,Ethernet57/1,50000,948,Access
strtk5a-7260cx3-04,Ethernet226,strtk5a-7260cx3-fan-10,Ethernet57/3,50000,949,Access
strtk5a-7260cx3-04,Ethernet228,strtk5a-7260cx3-fan-10,Ethernet58/1,50000,950,Access
strtk5a-7260cx3-04,Ethernet230,strtk5a-7260cx3-fan-10,Ethernet58/3,50000,951,Access
strtk5a-7260cx3-04,Ethernet232,strtk5a-7260cx3-fan-10,Ethernet59/1,50000,952,Access
strtk5a-7260cx3-04,Ethernet234,strtk5a-7260cx3-fan-10,Ethernet59/3,50000,953,Access
strtk5a-7260cx3-04,Ethernet236,strtk5a-7260cx3-fan-10,Ethernet60/1,50000,954,Access
strtk5a-7260cx3-04,Ethernet238,strtk5a-7260cx3-fan-10,Ethernet60/3,50000,955,Access
strtk5a-7260cx3-04,Ethernet240,strtk5a-7260cx3-fan-10,Ethernet61/1,50000,956,Access
strtk5a-7260cx3-04,Ethernet242,strtk5a-7260cx3-fan-10,Ethernet61/3,50000,957,Access
strtk5a-7260cx3-04,Ethernet244,strtk5a-7260cx3-fan-10,Ethernet62/1,50000,958,Access
strtk5a-7260cx3-04,Ethernet246,strtk5a-7260cx3-fan-10,Ethernet62/3,50000,959,Access
strtk5a-7260cx3-04,Ethernet248,strtk5a-7260cx3-fan-10,Ethernet63/1,50000,960,Access
strtk5a-7260cx3-04,Ethernet250,strtk5a-7260cx3-fan-10,Ethernet63/3,50000,961,Access
strtk5a-7260cx3-04,Ethernet252,strtk5a-7260cx3-fan-10,Ethernet64/1,50000,962,Access
strtk5a-7260cx3-04,Ethernet254,strtk5a-7260cx3-fan-10,Ethernet64/3,50000,963,Access

strtk5a-7260cx3-05,Ethernet0,strtk5a-7260cx3-fan-11,Ethernet1/1,50000,964,Access
strtk5a-7260cx3-05,Ethernet2,strtk5a-7260cx3-fan-11,Ethernet1/3,50000,965,Access
strtk5a-7260cx3-05,Ethernet4,strtk5a-7260cx3-fan-11,Ethernet2/1,50000,966,Access
strtk5a-7260cx3-05,Ethernet6,strtk5a-7260cx3-fan-11,Ethernet2/3,50000,967,Access
strtk5a-7260cx3-05,Ethernet8,strtk5a-7260cx3-fan-11,Ethernet3/1,50000,968,Access
strtk5a-7260cx3-05,Ethernet10,strtk5a-7260cx3-fan-11,Ethernet3/3,50000,969,Access
strtk5a-7260cx3-05,Ethernet12,strtk5a-7260cx3-fan-11,Ethernet4/1,50000,970,Access
strtk5a-7260cx3-05,Ethernet14,strtk5a-7260cx3-fan-11,Ethernet4/3,50000,971,Access
strtk5a-7260cx3-05,Ethernet16,strtk5a-7260cx3-fan-11,Ethernet5/1,50000,972,Access
strtk5a-7260cx3-05,Ethernet18,strtk5a-7260cx3-fan-11,Ethernet5/3,50000,973,Access
strtk5a-7260cx3-05,Ethernet20,strtk5a-7260cx3-fan-11,Ethernet6/1,50000,974,Access
strtk5a-7260cx3-05,Ethernet22,strtk5a-7260cx3-fan-11,Ethernet6/3,50000,975,Access
strtk5a-7260cx3-05,Ethernet24,strtk5a-7260cx3-fan-11,Ethernet7/1,50000,976,Access
strtk5a-7260cx3-05,Ethernet26,strtk5a-7260cx3-fan-11,Ethernet7/3,50000,977,Access
strtk5a-7260cx3-05,Ethernet28,strtk5a-7260cx3-fan-11,Ethernet8/1,50000,978,Access
strtk5a-7260cx3-05,Ethernet30,strtk5a-7260cx3-fan-11,Ethernet8/3,50000,979,Access
strtk5a-7260cx3-05,Ethernet32,strtk5a-7260cx3-fan-11,Ethernet9/1,50000,980,Access
strtk5a-7260cx3-05,Ethernet34,strtk5a-7260cx3-fan-11,Ethernet9/3,50000,981,Access
strtk5a-7260cx3-05,Ethernet36,strtk5a-7260cx3-fan-11,Ethernet10/1,50000,982,Access
strtk5a-7260cx3-05,Ethernet38,strtk5a-7260cx3-fan-11,Ethernet10/3,50000,983,Access
strtk5a-7260cx3-05,Ethernet40,strtk5a-7260cx3-fan-11,Ethernet11/1,50000,984,Access
strtk5a-7260cx3-05,Ethernet42,strtk5a-7260cx3-fan-11,Ethernet11/3,50000,985,Access
strtk5a-7260cx3-05,Ethernet44,strtk5a-7260cx3-fan-11,Ethernet12/1,50000,986,Access
strtk5a-7260cx3-05,Ethernet46,strtk5a-7260cx3-fan-11,Ethernet12/3,50000,987,Access
strtk5a-7260cx3-05,Ethernet48,strtk5a-7260cx3-fan-11,Ethernet13/1,100000,988,Access
strtk5a-7260cx3-05,Ethernet52,strtk5a-7260cx3-fan-11,Ethernet14/1,100000,989,Access
strtk5a-7260cx3-05,Ethernet56,strtk5a-7260cx3-fan-11,Ethernet15/1,100000,990,Access
strtk5a-7260cx3-05,Ethernet60,strtk5a-7260cx3-fan-11,Ethernet16/1,100000,991,Access
strtk5a-7260cx3-05,Ethernet64,strtk5a-7260cx3-fan-11,Ethernet17/1,100000,992,Access
strtk5a-7260cx3-05,Ethernet68,strtk5a-7260cx3-fan-11,Ethernet18/1,100000,993,Access
strtk5a-7260cx3-05,Ethernet72,strtk5a-7260cx3-fan-11,Ethernet19/1,100000,994,Access
strtk5a-7260cx3-05,Ethernet76,strtk5a-7260cx3-fan-11,Ethernet20/1,100000,995,Access
strtk5a-7260cx3-05,Ethernet80,strtk5a-7260cx3-fan-11,Ethernet21/1,50000,996,Access
strtk5a-7260cx3-05,Ethernet82,strtk5a-7260cx3-fan-11,Ethernet21/3,50000,997,Access
strtk5a-7260cx3-05,Ethernet84,strtk5a-7260cx3-fan-11,Ethernet22/1,50000,998,Access
strtk5a-7260cx3-05,Ethernet86,strtk5a-7260cx3-fan-11,Ethernet22/3,50000,999,Access
strtk5a-7260cx3-05,Ethernet88,strtk5a-7260cx3-fan-11,Ethernet23/1,50000,1000,Access
strtk5a-7260cx3-05,Ethernet90,strtk5a-7260cx3-fan-11,Ethernet23/3,50000,1001,Access
strtk5a-7260cx3-05,Ethernet92,strtk5a-7260cx3-fan-11,Ethernet24/1,50000,1002,Access
strtk5a-7260cx3-05,Ethernet94,strtk5a-7260cx3-fan-11,Ethernet24/3,50000,1003,Access
strtk5a-7260cx3-05,Ethernet96,strtk5a-7260cx3-fan-11,Ethernet25/1,50000,1004,Access
strtk5a-7260cx3-05,Ethernet98,strtk5a-7260cx3-fan-11,Ethernet25/3,50000,1005,Access
strtk5a-7260cx3-05,Ethernet100,strtk5a-7260cx3-fan-11,Ethernet26/1,50000,1006,Access
strtk5a-7260cx3-05,Ethernet102,strtk5a-7260cx3-fan-11,Ethernet26/3,50000,1007,Access
strtk5a-7260cx3-05,Ethernet104,strtk5a-7260cx3-fan-11,Ethernet27/1,50000,1008,Access
strtk5a-7260cx3-05,Ethernet106,strtk5a-7260cx3-fan-11,Ethernet27/3,50000,1009,Access
strtk5a-7260cx3-05,Ethernet108,strtk5a-7260cx3-fan-11,Ethernet28/1,50000,1010,Access
strtk5a-7260cx3-05,Ethernet110,strtk5a-7260cx3-fan-11,Ethernet28/3,50000,1011,Access
strtk5a-7260cx3-05,Ethernet112,strtk5a-7260cx3-fan-11,Ethernet29/1,50000,1012,Access
strtk5a-7260cx3-05,Ethernet114,strtk5a-7260cx3-fan-11,Ethernet29/3,50000,1013,Access
strtk5a-7260cx3-05,Ethernet116,strtk5a-7260cx3-fan-11,Ethernet30/1,50000,1014,Access
strtk5a-7260cx3-05,Ethernet118,strtk5a-7260cx3-fan-11,Ethernet30/3,50000,1015,Access
strtk5a-7260cx3-05,Ethernet120,strtk5a-7260cx3-fan-11,Ethernet31/1,50000,1016,Access
strtk5a-7260cx3-05,Ethernet122,strtk5a-7260cx3-fan-11,Ethernet31/3,50000,1017,Access
strtk5a-7260cx3-05,Ethernet124,strtk5a-7260cx3-fan-11,Ethernet32/1,50000,1018,Access
strtk5a-7260cx3-05,Ethernet126,strtk5a-7260cx3-fan-11,Ethernet32/3,50000,1019,Access
strtk5a-7260cx3-05,Ethernet128,strtk5a-7260cx3-fan-11,Ethernet33/1,50000,1020,Access
strtk5a-7260cx3-05,Ethernet130,strtk5a-7260cx3-fan-11,Ethernet33/3,50000,1021,Access
strtk5a-7260cx3-05,Ethernet132,strtk5a-7260cx3-fan-11,Ethernet34/1,50000,1022,Access
strtk5a-7260cx3-05,Ethernet134,strtk5a-7260cx3-fan-11,Ethernet34/3,50000,1023,Access
strtk5a-7260cx3-05,Ethernet136,strtk5a-7260cx3-fan-11,Ethernet35/1,50000,1024,Access
strtk5a-7260cx3-05,Ethernet138,strtk5a-7260cx3-fan-11,Ethernet35/3,50000,1025,Access
strtk5a-7260cx3-05,Ethernet140,strtk5a-7260cx3-fan-11,Ethernet36/1,50000,1026,Access
strtk5a-7260cx3-05,Ethernet142,strtk5a-7260cx3-fan-11,Ethernet36/3,50000,1027,Access
strtk5a-7260cx3-05,Ethernet144,strtk5a-7260cx3-fan-11,Ethernet37/1,50000,1028,Access
strtk5a-7260cx3-05,Ethernet146,strtk5a-7260cx3-fan-11,Ethernet37/3,50000,1029,Access
strtk5a-7260cx3-05,Ethernet148,strtk5a-7260cx3-fan-11,Ethernet38/1,50000,1030,Access
strtk5a-7260cx3-05,Ethernet150,strtk5a-7260cx3-fan-11,Ethernet38/3,50000,1031,Access
strtk5a-7260cx3-05,Ethernet152,strtk5a-7260cx3-fan-11,Ethernet39/1,50000,1032,Access
strtk5a-7260cx3-05,Ethernet154,strtk5a-7260cx3-fan-11,Ethernet39/3,50000,1033,Access
strtk5a-7260cx3-05,Ethernet156,strtk5a-7260cx3-fan-11,Ethernet40/1,50000,1034,Access
strtk5a-7260cx3-05,Ethernet158,strtk5a-7260cx3-fan-11,Ethernet40/3,50000,1035,Access
strtk5a-7260cx3-05,Ethernet160,strtk5a-7260cx3-fan-11,Ethernet41/1,50000,1036,Access
strtk5a-7260cx3-05,Ethernet162,strtk5a-7260cx3-fan-11,Ethernet41/3,50000,1037,Access
strtk5a-7260cx3-05,Ethernet164,strtk5a-7260cx3-fan-11,Ethernet42/1,50000,1038,Access
strtk5a-7260cx3-05,Ethernet166,strtk5a-7260cx3-fan-11,Ethernet42/3,50000,1039,Access
strtk5a-7260cx3-05,Ethernet168,strtk5a-7260cx3-fan-11,Ethernet43/1,50000,1040,Access
strtk5a-7260cx3-05,Ethernet170,strtk5a-7260cx3-fan-11,Ethernet43/3,50000,1041,Access
strtk5a-7260cx3-05,Ethernet172,strtk5a-7260cx3-fan-11,Ethernet44/1,50000,1042,Access
strtk5a-7260cx3-05,Ethernet174,strtk5a-7260cx3-fan-11,Ethernet44/3,50000,1043,Access
strtk5a-7260cx3-05,Ethernet176,strtk5a-7260cx3-fan-11,Ethernet45/1,50000,1044,Access
strtk5a-7260cx3-05,Ethernet178,strtk5a-7260cx3-fan-11,Ethernet45/3,50000,1045,Access
strtk5a-7260cx3-05,Ethernet180,strtk5a-7260cx3-fan-11,Ethernet46/1,50000,1046,Access
strtk5a-7260cx3-05,Ethernet182,strtk5a-7260cx3-fan-11,Ethernet46/3,50000,1047,Access
strtk5a-7260cx3-05,Ethernet184,strtk5a-7260cx3-fan-11,Ethernet47/1,50000,1048,Access
strtk5a-7260cx3-05,Ethernet186,strtk5a-7260cx3-fan-11,Ethernet47/3,50000,1049,Access
strtk5a-7260cx3-05,Ethernet188,strtk5a-7260cx3-fan-11,Ethernet48/1,50000,1050,Access
strtk5a-7260cx3-05,Ethernet190,strtk5a-7260cx3-fan-11,Ethernet48/3,50000,1051,Access
strtk5a-7260cx3-05,Ethernet192,strtk5a-7260cx3-fan-11,Ethernet49/1,50000,1052,Access
strtk5a-7260cx3-05,Ethernet194,strtk5a-7260cx3-fan-11,Ethernet49/3,50000,1053,Access
strtk5a-7260cx3-05,Ethernet196,strtk5a-7260cx3-fan-11,Ethernet50/1,50000,1054,Access
strtk5a-7260cx3-05,Ethernet198,strtk5a-7260cx3-fan-11,Ethernet50/3,50000,1055,Access
strtk5a-7260cx3-05,Ethernet200,strtk5a-7260cx3-fan-11,Ethernet51/1,50000,1056,Access
strtk5a-7260cx3-05,Ethernet202,strtk5a-7260cx3-fan-11,Ethernet51/3,50000,1057,Access
strtk5a-7260cx3-05,Ethernet204,strtk5a-7260cx3-fan-11,Ethernet52/1,50000,1058,Access
strtk5a-7260cx3-05,Ethernet206,strtk5a-7260cx3-fan-11,Ethernet52/3,50000,1059,Access
strtk5a-7260cx3-05,Ethernet208,strtk5a-7260cx3-fan-11,Ethernet53/1,50000,1060,Access
strtk5a-7260cx3-05,Ethernet210,strtk5a-7260cx3-fan-11,Ethernet53/3,50000,1061,Access
strtk5a-7260cx3-05,Ethernet212,strtk5a-7260cx3-fan-11,Ethernet54/1,50000,1062,Access
strtk5a-7260cx3-05,Ethernet214,strtk5a-7260cx3-fan-11,Ethernet54/3,50000,1063,Access
strtk5a-7260cx3-05,Ethernet216,strtk5a-7260cx3-fan-11,Ethernet55/1,50000,1064,Access
strtk5a-7260cx3-05,Ethernet218,strtk5a-7260cx3-fan-11,Ethernet55/3,50000,1065,Access
strtk5a-7260cx3-05,Ethernet220,strtk5a-7260cx3-fan-11,Ethernet56/1,50000,1066,Access
strtk5a-7260cx3-05,Ethernet222,strtk5a-7260cx3-fan-11,Ethernet56/3,50000,1067,Access
strtk5a-7260cx3-05,Ethernet224,strtk5a-7260cx3-fan-11,Ethernet57/1,50000,1068,Access
strtk5a-7260cx3-05,Ethernet226,strtk5a-7260cx3-fan-11,Ethernet57/3,50000,1069,Access
strtk5a-7260cx3-05,Ethernet228,strtk5a-7260cx3-fan-11,Ethernet58/1,50000,1070,Access
strtk5a-7260cx3-05,Ethernet230,strtk5a-7260cx3-fan-11,Ethernet58/3,50000,1071,Access
strtk5a-7260cx3-05,Ethernet232,strtk5a-7260cx3-fan-11,Ethernet59/1,50000,1072,Access
strtk5a-7260cx3-05,Ethernet234,strtk5a-7260cx3-fan-11,Ethernet59/3,50000,1073,Access
strtk5a-7260cx3-05,Ethernet236,strtk5a-7260cx3-fan-11,Ethernet60/1,50000,1074,Access
strtk5a-7260cx3-05,Ethernet238,strtk5a-7260cx3-fan-11,Ethernet60/3,50000,1075,Access
strtk5a-7260cx3-05,Ethernet240,strtk5a-7260cx3-fan-11,Ethernet61/1,50000,1076,Access
strtk5a-7260cx3-05,Ethernet242,strtk5a-7260cx3-fan-11,Ethernet61/3,50000,1077,Access
strtk5a-7260cx3-05,Ethernet244,strtk5a-7260cx3-fan-11,Ethernet62/1,50000,1078,Access
strtk5a-7260cx3-05,Ethernet246,strtk5a-7260cx3-fan-11,Ethernet62/3,50000,1079,Access
strtk5a-7260cx3-05,Ethernet248,strtk5a-7260cx3-fan-11,Ethernet63/1,50000,1080,Access
strtk5a-7260cx3-05,Ethernet250,strtk5a-7260cx3-fan-11,Ethernet63/3,50000,1081,Access
strtk5a-7260cx3-05,Ethernet252,strtk5a-7260cx3-fan-11,Ethernet64/1,50000,1082,Access
strtk5a-7260cx3-05,Ethernet254,strtk5a-7260cx3-fan-11,Ethernet64/3,50000,1083,Access

strtk5a-7260cx3-06,Ethernet0,strtk5a-7260cx3-fan-12,Ethernet1/1,100000,1084,Access
strtk5a-7260cx3-06,Ethernet4,strtk5a-7260cx3-fan-12,Ethernet2/1,100000,1085,Access
strtk5a-7260cx3-06,Ethernet8,strtk5a-7260cx3-fan-12,Ethernet3/1,100000,1086,Access
strtk5a-7260cx3-06,Ethernet12,strtk5a-7260cx3-fan-12,Ethernet4/1,100000,1087,Access
strtk5a-7260cx3-06,Ethernet16,strtk5a-7260cx3-fan-12,Ethernet5/1,100000,1088,Access
strtk5a-7260cx3-06,Ethernet20,strtk5a-7260cx3-fan-12,Ethernet6/1,100000,1089,Access
strtk5a-7260cx3-06,Ethernet24,strtk5a-7260cx3-fan-12,Ethernet7/1,100000,1090,Access
strtk5a-7260cx3-06,Ethernet28,strtk5a-7260cx3-fan-12,Ethernet8/1,100000,1091,Access
strtk5a-7260cx3-06,Ethernet32,strtk5a-7260cx3-fan-12,Ethernet9/1,100000,1092,Access
strtk5a-7260cx3-06,Ethernet36,strtk5a-7260cx3-fan-12,Ethernet10/1,100000,1093,Access
strtk5a-7260cx3-06,Ethernet40,strtk5a-7260cx3-fan-12,Ethernet11/1,100000,1094,Access
strtk5a-7260cx3-06,Ethernet44,strtk5a-7260cx3-fan-12,Ethernet12/1,100000,1095,Access
strtk5a-7260cx3-06,Ethernet48,strtk5a-7260cx3-fan-12,Ethernet13/1,100000,1096,Access
strtk5a-7260cx3-06,Ethernet52,strtk5a-7260cx3-fan-12,Ethernet14/1,100000,1097,Access
strtk5a-7260cx3-06,Ethernet56,strtk5a-7260cx3-fan-12,Ethernet15/1,100000,1098,Access
strtk5a-7260cx3-06,Ethernet60,strtk5a-7260cx3-fan-12,Ethernet16/1,100000,1099,Access
strtk5a-7260cx3-06,Ethernet64,strtk5a-7260cx3-fan-12,Ethernet17/1,100000,1100,Access
strtk5a-7260cx3-06,Ethernet68,strtk5a-7260cx3-fan-12,Ethernet18/1,100000,1101,Access
strtk5a-7260cx3-06,Ethernet72,strtk5a-7260cx3-fan-12,Ethernet19/1,100000,1102,Access
strtk5a-7260cx3-06,Ethernet76,strtk5a-7260cx3-fan-12,Ethernet20/1,100000,1103,Access
strtk5a-7260cx3-06,Ethernet80,strtk5a-7260cx3-fan-12,Ethernet21/1,100000,1104,Access
strtk5a-7260cx3-06,Ethernet84,strtk5a-7260cx3-fan-12,Ethernet22/1,100000,1105,Access
strtk5a-7260cx3-06,Ethernet88,strtk5a-7260cx3-fan-12,Ethernet23/1,100000,1106,Access
strtk5a-7260cx3-06,Ethernet92,strtk5a-7260cx3-fan-12,Ethernet24/1,100000,1107,Access
strtk5a-7260cx3-06,Ethernet96,strtk5a-7260cx3-fan-12,Ethernet25/1,100000,1108,Access
strtk5a-7260cx3-06,Ethernet100,strtk5a-7260cx3-fan-12,Ethernet26/1,100000,1109,Access
strtk5a-7260cx3-06,Ethernet104,strtk5a-7260cx3-fan-12,Ethernet27/1,100000,1110,Access
strtk5a-7260cx3-06,Ethernet108,strtk5a-7260cx3-fan-12,Ethernet28/1,100000,1111,Access
strtk5a-7260cx3-06,Ethernet112,strtk5a-7260cx3-fan-12,Ethernet29/1,100000,1112,Access
strtk5a-7260cx3-06,Ethernet116,strtk5a-7260cx3-fan-12,Ethernet30/1,100000,1113,Access
strtk5a-7260cx3-06,Ethernet120,strtk5a-7260cx3-fan-12,Ethernet31/1,100000,1114,Access
strtk5a-7260cx3-06,Ethernet124,strtk5a-7260cx3-fan-12,Ethernet32/1,100000,1115,Access
strtk5a-7260cx3-06,Ethernet128,strtk5a-7260cx3-fan-12,Ethernet33/1,100000,1116,Access
strtk5a-7260cx3-06,Ethernet132,strtk5a-7260cx3-fan-12,Ethernet34/1,100000,1117,Access
strtk5a-7260cx3-06,Ethernet136,strtk5a-7260cx3-fan-12,Ethernet35/1,100000,1118,Access
strtk5a-7260cx3-06,Ethernet140,strtk5a-7260cx3-fan-12,Ethernet36/1,100000,1119,Access
strtk5a-7260cx3-06,Ethernet144,strtk5a-7260cx3-fan-12,Ethernet37/1,100000,1120,Access
strtk5a-7260cx3-06,Ethernet148,strtk5a-7260cx3-fan-12,Ethernet38/1,100000,1121,Access
strtk5a-7260cx3-06,Ethernet152,strtk5a-7260cx3-fan-12,Ethernet39/1,100000,1122,Access
strtk5a-7260cx3-06,Ethernet156,strtk5a-7260cx3-fan-12,Ethernet40/1,100000,1123,Access
strtk5a-7260cx3-06,Ethernet160,strtk5a-7260cx3-fan-12,Ethernet41/1,100000,1124,Access
strtk5a-7260cx3-06,Ethernet164,strtk5a-7260cx3-fan-12,Ethernet42/1,100000,1125,Access
strtk5a-7260cx3-06,Ethernet168,strtk5a-7260cx3-fan-12,Ethernet43/1,100000,1126,Access
strtk5a-7260cx3-06,Ethernet172,strtk5a-7260cx3-fan-12,Ethernet44/1,100000,1127,Access
strtk5a-7260cx3-06,Ethernet176,strtk5a-7260cx3-fan-12,Ethernet45/1,100000,1128,Access
strtk5a-7260cx3-06,Ethernet180,strtk5a-7260cx3-fan-12,Ethernet46/1,100000,1129,Access
strtk5a-7260cx3-06,Ethernet184,strtk5a-7260cx3-fan-12,Ethernet47/1,100000,1130,Access
strtk5a-7260cx3-06,Ethernet188,strtk5a-7260cx3-fan-12,Ethernet48/1,100000,1131,Access
strtk5a-7260cx3-06,Ethernet192,strtk5a-7260cx3-fan-12,Ethernet49/1,100000,1132,Access
strtk5a-7260cx3-06,Ethernet196,strtk5a-7260cx3-fan-12,Ethernet50/1,100000,1133,Access
strtk5a-7260cx3-06,Ethernet200,strtk5a-7260cx3-fan-12,Ethernet51/1,100000,1134,Access
strtk5a-7260cx3-06,Ethernet204,strtk5a-7260cx3-fan-12,Ethernet52/1,100000,1135,Access
strtk5a-7260cx3-06,Ethernet208,strtk5a-7260cx3-fan-12,Ethernet53/1,100000,1136,Access
strtk5a-7260cx3-06,Ethernet212,strtk5a-7260cx3-fan-12,Ethernet54/1,100000,1137,Access
strtk5a-7260cx3-06,Ethernet216,strtk5a-7260cx3-fan-12,Ethernet55/1,100000,1138,Access
strtk5a-7260cx3-06,Ethernet220,strtk5a-7260cx3-fan-12,Ethernet56/1,100000,1139,Access
strtk5a-7260cx3-06,Ethernet224,strtk5a-7260cx3-fan-12,Ethernet57/1,100000,1140,Access
strtk5a-7260cx3-06,Ethernet228,strtk5a-7260cx3-fan-12,Ethernet58/1,100000,1141,Access
strtk5a-7260cx3-06,Ethernet232,strtk5a-7260cx3-fan-12,Ethernet59/1,100000,1142,Access
strtk5a-7260cx3-06,Ethernet236,strtk5a-7260cx3-fan-12,Ethernet60/1,100000,1143,Access
strtk5a-7260cx3-06,Ethernet240,strtk5a-7260cx3-fan-12,Ethernet61/1,100000,1144,Access
strtk5a-7260cx3-06,Ethernet244,strtk5a-7260cx3-fan-12,Ethernet62/1,100000,1145,Access
strtk5a-7260cx3-06,Ethernet248,strtk5a-7260cx3-fan-12,Ethernet63/1,100000,1146,Access
strtk5a-7260cx3-06,Ethernet252,strtk5a-7260cx3-fan-12,Ethernet64/1,100000,1147,Access

strtk5a-7260cx3-07,Ethernet0,strtk5a-7260cx3-fan-13,Ethernet1/1,100000,1148,Access
strtk5a-7260cx3-07,Ethernet4,strtk5a-7260cx3-fan-13,Ethernet2/1,100000,1149,Access
strtk5a-7260cx3-07,Ethernet8,strtk5a-7260cx3-fan-13,Ethernet3/1,100000,1150,Access
strtk5a-7260cx3-07,Ethernet12,strtk5a-7260cx3-fan-13,Ethernet4/1,100000,1151,Access
strtk5a-7260cx3-07,Ethernet16,strtk5a-7260cx3-fan-13,Ethernet5/1,100000,1152,Access
strtk5a-7260cx3-07,Ethernet20,strtk5a-7260cx3-fan-13,Ethernet6/1,100000,1153,Access
strtk5a-7260cx3-07,Ethernet24,strtk5a-7260cx3-fan-13,Ethernet7/1,100000,1154,Access
strtk5a-7260cx3-07,Ethernet28,strtk5a-7260cx3-fan-13,Ethernet8/1,100000,1155,Access
strtk5a-7260cx3-07,Ethernet32,strtk5a-7260cx3-fan-13,Ethernet9/1,100000,1156,Access
strtk5a-7260cx3-07,Ethernet36,strtk5a-7260cx3-fan-13,Ethernet10/1,100000,1157,Access
strtk5a-7260cx3-07,Ethernet40,strtk5a-7260cx3-fan-13,Ethernet11/1,100000,1158,Access
strtk5a-7260cx3-07,Ethernet44,strtk5a-7260cx3-fan-13,Ethernet12/1,100000,1159,Access
strtk5a-7260cx3-07,Ethernet48,strtk5a-7260cx3-fan-13,Ethernet13/1,100000,1160,Access
strtk5a-7260cx3-07,Ethernet52,strtk5a-7260cx3-fan-13,Ethernet14/1,100000,1161,Access
strtk5a-7260cx3-07,Ethernet56,strtk5a-7260cx3-fan-13,Ethernet15/1,100000,1162,Access
strtk5a-7260cx3-07,Ethernet60,strtk5a-7260cx3-fan-13,Ethernet16/1,100000,1163,Access
strtk5a-7260cx3-07,Ethernet64,strtk5a-7260cx3-fan-13,Ethernet17/1,100000,1164,Access
strtk5a-7260cx3-07,Ethernet68,strtk5a-7260cx3-fan-13,Ethernet18/1,100000,1165,Access
strtk5a-7260cx3-07,Ethernet72,strtk5a-7260cx3-fan-13,Ethernet19/1,100000,1166,Access
strtk5a-7260cx3-07,Ethernet76,strtk5a-7260cx3-fan-13,Ethernet20/1,100000,1167,Access
strtk5a-7260cx3-07,Ethernet80,strtk5a-7260cx3-fan-13,Ethernet21/1,100000,1168,Access
strtk5a-7260cx3-07,Ethernet84,strtk5a-7260cx3-fan-13,Ethernet22/1,100000,1169,Access
strtk5a-7260cx3-07,Ethernet88,strtk5a-7260cx3-fan-13,Ethernet23/1,100000,1170,Access
strtk5a-7260cx3-07,Ethernet92,strtk5a-7260cx3-fan-13,Ethernet24/1,100000,1171,Access
strtk5a-7260cx3-07,Ethernet96,strtk5a-7260cx3-fan-13,Ethernet25/1,100000,1172,Access
strtk5a-7260cx3-07,Ethernet100,strtk5a-7260cx3-fan-13,Ethernet26/1,100000,1173,Access
strtk5a-7260cx3-07,Ethernet104,strtk5a-7260cx3-fan-13,Ethernet27/1,100000,1174,Access
strtk5a-7260cx3-07,Ethernet108,strtk5a-7260cx3-fan-13,Ethernet28/1,100000,1175,Access
strtk5a-7260cx3-07,Ethernet112,strtk5a-7260cx3-fan-13,Ethernet29/1,100000,1176,Access
strtk5a-7260cx3-07,Ethernet116,strtk5a-7260cx3-fan-13,Ethernet30/1,100000,1177,Access
strtk5a-7260cx3-07,Ethernet120,strtk5a-7260cx3-fan-13,Ethernet31/1,100000,1178,Access
strtk5a-7260cx3-07,Ethernet124,strtk5a-7260cx3-fan-13,Ethernet32/1,100000,1179,Access
strtk5a-7260cx3-07,Ethernet128,strtk5a-7260cx3-fan-13,Ethernet33/1,100000,1180,Access
strtk5a-7260cx3-07,Ethernet132,strtk5a-7260cx3-fan-13,Ethernet34/1,100000,1181,Access
strtk5a-7260cx3-07,Ethernet136,strtk5a-7260cx3-fan-13,Ethernet35/1,100000,1182,Access
strtk5a-7260cx3-07,Ethernet140,strtk5a-7260cx3-fan-13,Ethernet36/1,100000,1183,Access
strtk5a-7260cx3-07,Ethernet144,strtk5a-7260cx3-fan-13,Ethernet37/1,100000,1184,Access
strtk5a-7260cx3-07,Ethernet148,strtk5a-7260cx3-fan-13,Ethernet38/1,100000,1185,Access
strtk5a-7260cx3-07,Ethernet152,strtk5a-7260cx3-fan-13,Ethernet39/1,100000,1186,Access
strtk5a-7260cx3-07,Ethernet156,strtk5a-7260cx3-fan-13,Ethernet40/1,100000,1187,Access
strtk5a-7260cx3-07,Ethernet160,strtk5a-7260cx3-fan-13,Ethernet41/1,100000,1188,Access
strtk5a-7260cx3-07,Ethernet164,strtk5a-7260cx3-fan-13,Ethernet42/1,100000,1189,Access
strtk5a-7260cx3-07,Ethernet168,strtk5a-7260cx3-fan-13,Ethernet43/1,100000,1190,Access
strtk5a-7260cx3-07,Ethernet172,strtk5a-7260cx3-fan-13,Ethernet44/1,100000,1191,Access
strtk5a-7260cx3-07,Ethernet176,strtk5a-7260cx3-fan-13,Ethernet45/1,100000,1192,Access
strtk5a-7260cx3-07,Ethernet180,strtk5a-7260cx3-fan-13,Ethernet46/1,100000,1193,Access
strtk5a-7260cx3-07,Ethernet184,strtk5a-7260cx3-fan-13,Ethernet47/1,100000,1194,Access
strtk5a-7260cx3-07,Ethernet188,strtk5a-7260cx3-fan-13,Ethernet48/1,100000,1195,Access
strtk5a-7260cx3-07,Ethernet192,strtk5a-7260cx3-fan-13,Ethernet49/1,100000,1196,Access
strtk5a-7260cx3-07,Ethernet196,strtk5a-7260cx3-fan-13,Ethernet50/1,100000,1197,Access
strtk5a-7260cx3-07,Ethernet200,strtk5a-7260cx3-fan-13,Ethernet51/1,100000,1198,Access
strtk5a-7260cx3-07,Ethernet204,strtk5a-7260cx3-fan-13,Ethernet52/1,100000,1199,Access
strtk5a-7260cx3-07,Ethernet208,strtk5a-7260cx3-fan-13,Ethernet53/1,100000,1200,Access
strtk5a-7260cx3-07,Ethernet212,strtk5a-7260cx3-fan-13,Ethernet54/1,100000,1201,Access
strtk5a-7260cx3-07,Ethernet216,strtk5a-7260cx3-fan-13,Ethernet55/1,100000,1202,Access
strtk5a-7260cx3-07,Ethernet220,strtk5a-7260cx3-fan-13,Ethernet56/1,100000,1203,Access
strtk5a-7260cx3-07,Ethernet224,strtk5a-7260cx3-fan-13,Ethernet57/1,100000,1204,Access
strtk5a-7260cx3-07,Ethernet228,strtk5a-7260cx3-fan-13,Ethernet58/1,100000,1205,Access
strtk5a-7260cx3-07,Ethernet232,strtk5a-7260cx3-fan-13,Ethernet59/1,100000,1206,Access
strtk5a-7260cx3-07,Ethernet236,strtk5a-7260cx3-fan-13,Ethernet60/1,100000,1207,Access
strtk5a-7260cx3-07,Ethernet240,strtk5a-7260cx3-fan-13,Ethernet61/1,100000,1208,Access
strtk5a-7260cx3-07,Ethernet244,strtk5a-7260cx3-fan-13,Ethernet62/1,100000,1209,Access
strtk5a-7260cx3-07,Ethernet248,strtk5a-7260cx3-fan-13,Ethernet63/1,100000,1210,Access
strtk5a-7260cx3-07,Ethernet252,strtk5a-7260cx3-fan-13,Ethernet64/1,100000,1211,Access

strtk5a-7260cx3-08,Ethernet0,strtk5a-7260cx3-fan-14,Ethernet1/1,100000,1212,Access
strtk5a-7260cx3-08,Ethernet4,strtk5a-7260cx3-fan-14,Ethernet2/1,100000,1213,Access
strtk5a-7260cx3-08,Ethernet8,strtk5a-7260cx3-fan-14,Ethernet3/1,100000,1214,Access
strtk5a-7260cx3-08,Ethernet12,strtk5a-7260cx3-fan-14,Ethernet4/1,100000,1215,Access
strtk5a-7260cx3-08,Ethernet16,strtk5a-7260cx3-fan-14,Ethernet5/1,100000,1216,Access
strtk5a-7260cx3-08,Ethernet20,strtk5a-7260cx3-fan-14,Ethernet6/1,100000,1217,Access
strtk5a-7260cx3-08,Ethernet24,strtk5a-7260cx3-fan-14,Ethernet7/1,100000,1218,Access
strtk5a-7260cx3-08,Ethernet28,strtk5a-7260cx3-fan-14,Ethernet8/1,100000,1219,Access
strtk5a-7260cx3-08,Ethernet32,strtk5a-7260cx3-fan-14,Ethernet9/1,100000,1220,Access
strtk5a-7260cx3-08,Ethernet36,strtk5a-7260cx3-fan-14,Ethernet10/1,100000,1221,Access
strtk5a-7260cx3-08,Ethernet40,strtk5a-7260cx3-fan-14,Ethernet11/1,100000,1222,Access
strtk5a-7260cx3-08,Ethernet44,strtk5a-7260cx3-fan-14,Ethernet12/1,100000,1223,Access
strtk5a-7260cx3-08,Ethernet48,strtk5a-7260cx3-fan-14,Ethernet13/1,100000,1224,Access
strtk5a-7260cx3-08,Ethernet52,strtk5a-7260cx3-fan-14,Ethernet14/1,100000,1225,Access
strtk5a-7260cx3-08,Ethernet56,strtk5a-7260cx3-fan-14,Ethernet15/1,100000,1226,Access
strtk5a-7260cx3-08,Ethernet60,strtk5a-7260cx3-fan-14,Ethernet16/1,100000,1227,Access
strtk5a-7260cx3-08,Ethernet64,strtk5a-7260cx3-fan-14,Ethernet17/1,100000,1228,Access
strtk5a-7260cx3-08,Ethernet68,strtk5a-7260cx3-fan-14,Ethernet18/1,100000,1229,Access
strtk5a-7260cx3-08,Ethernet72,strtk5a-7260cx3-fan-14,Ethernet19/1,100000,1230,Access
strtk5a-7260cx3-08,Ethernet76,strtk5a-7260cx3-fan-14,Ethernet20/1,100000,1231,Access
strtk5a-7260cx3-08,Ethernet80,strtk5a-7260cx3-fan-14,Ethernet21/1,100000,1232,Access
strtk5a-7260cx3-08,Ethernet84,strtk5a-7260cx3-fan-14,Ethernet22/1,100000,1233,Access
strtk5a-7260cx3-08,Ethernet88,strtk5a-7260cx3-fan-14,Ethernet23/1,100000,1234,Access
strtk5a-7260cx3-08,Ethernet92,strtk5a-7260cx3-fan-14,Ethernet24/1,100000,1235,Access
strtk5a-7260cx3-08,Ethernet96,strtk5a-7260cx3-fan-14,Ethernet25/1,100000,1236,Access
strtk5a-7260cx3-08,Ethernet100,strtk5a-7260cx3-fan-14,Ethernet26/1,100000,1237,Access
strtk5a-7260cx3-08,Ethernet104,strtk5a-7260cx3-fan-14,Ethernet27/1,100000,1238,Access
strtk5a-7260cx3-08,Ethernet108,strtk5a-7260cx3-fan-14,Ethernet28/1,100000,1239,Access
strtk5a-7260cx3-08,Ethernet112,strtk5a-7260cx3-fan-14,Ethernet29/1,100000,1240,Access
strtk5a-7260cx3-08,Ethernet116,strtk5a-7260cx3-fan-14,Ethernet30/1,100000,1241,Access
strtk5a-7260cx3-08,Ethernet120,strtk5a-7260cx3-fan-14,Ethernet31/1,100000,1242,Access
strtk5a-7260cx3-08,Ethernet124,strtk5a-7260cx3-fan-14,Ethernet32/1,100000,1243,Access
strtk5a-7260cx3-08,Ethernet128,strtk5a-7260cx3-fan-14,Ethernet33/1,100000,1244,Access
strtk5a-7260cx3-08,Ethernet132,strtk5a-7260cx3-fan-14,Ethernet34/1,100000,1245,Access
strtk5a-7260cx3-08,Ethernet136,strtk5a-7260cx3-fan-14,Ethernet35/1,100000,1246,Access
strtk5a-7260cx3-08,Ethernet140,strtk5a-7260cx3-fan-14,Ethernet36/1,100000,1247,Access
strtk5a-7260cx3-08,Ethernet144,strtk5a-7260cx3-fan-14,Ethernet37/1,100000,1248,Access
strtk5a-7260cx3-08,Ethernet148,strtk5a-7260cx3-fan-14,Ethernet38/1,100000,1249,Access
strtk5a-7260cx3-08,Ethernet152,strtk5a-7260cx3-fan-14,Ethernet39/1,100000,1250,Access
strtk5a-7260cx3-08,Ethernet156,strtk5a-7260cx3-fan-14,Ethernet40/1,100000,1251,Access
strtk5a-7260cx3-08,Ethernet160,strtk5a-7260cx3-fan-14,Ethernet41/1,100000,1252,Access
strtk5a-7260cx3-08,Ethernet164,strtk5a-7260cx3-fan-14,Ethernet42/1,100000,1253,Access
strtk5a-7260cx3-08,Ethernet168,strtk5a-7260cx3-fan-14,Ethernet43/1,100000,1254,Access
strtk5a-7260cx3-08,Ethernet172,strtk5a-7260cx3-fan-14,Ethernet44/1,100000,1255,Access
strtk5a-7260cx3-08,Ethernet176,strtk5a-7260cx3-fan-14,Ethernet45/1,100000,1256,Access
strtk5a-7260cx3-08,Ethernet180,strtk5a-7260cx3-fan-14,Ethernet46/1,100000,1257,Access
strtk5a-7260cx3-08,Ethernet184,strtk5a-7260cx3-fan-14,Ethernet47/1,100000,1258,Access
strtk5a-7260cx3-08,Ethernet188,strtk5a-7260cx3-fan-14,Ethernet48/1,100000,1259,Access
strtk5a-7260cx3-08,Ethernet192,strtk5a-7260cx3-fan-14,Ethernet49/1,100000,1260,Access
strtk5a-7260cx3-08,Ethernet196,strtk5a-7260cx3-fan-14,Ethernet50/1,100000,1261,Access
strtk5a-7260cx3-08,Ethernet200,strtk5a-7260cx3-fan-14,Ethernet51/1,100000,1262,Access
strtk5a-7260cx3-08,Ethernet204,strtk5a-7260cx3-fan-14,Ethernet52/1,100000,1263,Access
strtk5a-7260cx3-08,Ethernet208,strtk5a-7260cx3-fan-14,Ethernet53/1,100000,1264,Access
strtk5a-7260cx3-08,Ethernet212,strtk5a-7260cx3-fan-14,Ethernet54/1,100000,1265,Access
strtk5a-7260cx3-08,Ethernet216,strtk5a-7260cx3-fan-14,Ethernet55/1,100000,1266,Access
strtk5a-7260cx3-08,Ethernet220,strtk5a-7260cx3-fan-14,Ethernet56/1,100000,1267,Access
strtk5a-7260cx3-08,Ethernet224,strtk5a-7260cx3-fan-14,Ethernet57/1,100000,1268,Access
strtk5a-7260cx3-08,Ethernet228,strtk5a-7260cx3-fan-14,Ethernet58/1,100000,1269,Access
strtk5a-7260cx3-08,Ethernet232,strtk5a-7260cx3-fan-14,Ethernet59/1,100000,1270,Access
strtk5a-7260cx3-08,Ethernet236,strtk5a-7260cx3-fan-14,Ethernet60/1,100000,1271,Access
strtk5a-7260cx3-08,Ethernet240,strtk5a-7260cx3-fan-14,Ethernet61/1,100000,1272,Access
strtk5a-7260cx3-08,Ethernet244,strtk5a-7260cx3-fan-14,Ethernet62/1,100000,1273,Access
strtk5a-7260cx3-08,Ethernet248,strtk5a-7260cx3-fan-14,Ethernet63/1,100000,1274,Access
strtk5a-7260cx3-08,Ethernet252,strtk5a-7260cx3-fan-14,Ethernet64/1,100000,1275,Access

strtk5a-7260cx3-09,Ethernet0,strtk5a-7260cx3-fan-15,Ethernet1/1,50000,1276,Access
strtk5a-7260cx3-09,Ethernet2,strtk5a-7260cx3-fan-15,Ethernet1/3,50000,1277,Access
strtk5a-7260cx3-09,Ethernet4,strtk5a-7260cx3-fan-15,Ethernet2/1,50000,1278,Access
strtk5a-7260cx3-09,Ethernet6,strtk5a-7260cx3-fan-15,Ethernet2/3,50000,1279,Access
strtk5a-7260cx3-09,Ethernet8,strtk5a-7260cx3-fan-15,Ethernet3/1,50000,1280,Access
strtk5a-7260cx3-09,Ethernet10,strtk5a-7260cx3-fan-15,Ethernet3/3,50000,1281,Access
strtk5a-7260cx3-09,Ethernet12,strtk5a-7260cx3-fan-15,Ethernet4/1,50000,1282,Access
strtk5a-7260cx3-09,Ethernet14,strtk5a-7260cx3-fan-15,Ethernet4/3,50000,1283,Access
strtk5a-7260cx3-09,Ethernet16,strtk5a-7260cx3-fan-15,Ethernet5/1,50000,1284,Access
strtk5a-7260cx3-09,Ethernet18,strtk5a-7260cx3-fan-15,Ethernet5/3,50000,1285,Access
strtk5a-7260cx3-09,Ethernet20,strtk5a-7260cx3-fan-15,Ethernet6/1,50000,1286,Access
strtk5a-7260cx3-09,Ethernet22,strtk5a-7260cx3-fan-15,Ethernet6/3,50000,1287,Access
strtk5a-7260cx3-09,Ethernet24,strtk5a-7260cx3-fan-15,Ethernet7/1,50000,1288,Access
strtk5a-7260cx3-09,Ethernet26,strtk5a-7260cx3-fan-15,Ethernet7/3,50000,1289,Access
strtk5a-7260cx3-09,Ethernet28,strtk5a-7260cx3-fan-15,Ethernet8/1,50000,1290,Access
strtk5a-7260cx3-09,Ethernet30,strtk5a-7260cx3-fan-15,Ethernet8/3,50000,1291,Access
strtk5a-7260cx3-09,Ethernet32,strtk5a-7260cx3-fan-15,Ethernet9/1,50000,1292,Access
strtk5a-7260cx3-09,Ethernet34,strtk5a-7260cx3-fan-15,Ethernet9/3,50000,1293,Access
strtk5a-7260cx3-09,Ethernet36,strtk5a-7260cx3-fan-15,Ethernet10/1,50000,1294,Access
strtk5a-7260cx3-09,Ethernet38,strtk5a-7260cx3-fan-15,Ethernet10/3,50000,1295,Access
strtk5a-7260cx3-09,Ethernet40,strtk5a-7260cx3-fan-15,Ethernet11/1,50000,1296,Access
strtk5a-7260cx3-09,Ethernet42,strtk5a-7260cx3-fan-15,Ethernet11/3,50000,1297,Access
strtk5a-7260cx3-09,Ethernet44,strtk5a-7260cx3-fan-15,Ethernet12/1,50000,1298,Access
strtk5a-7260cx3-09,Ethernet46,strtk5a-7260cx3-fan-15,Ethernet12/3,50000,1299,Access
strtk5a-7260cx3-09,Ethernet48,strtk5a-7260cx3-fan-15,Ethernet13/1,100000,1300,Access
strtk5a-7260cx3-09,Ethernet52,strtk5a-7260cx3-fan-15,Ethernet14/1,100000,1301,Access
strtk5a-7260cx3-09,Ethernet56,strtk5a-7260cx3-fan-15,Ethernet15/1,100000,1302,Access
strtk5a-7260cx3-09,Ethernet60,strtk5a-7260cx3-fan-15,Ethernet16/1,100000,1303,Access
strtk5a-7260cx3-09,Ethernet64,strtk5a-7260cx3-fan-15,Ethernet17/1,100000,1304,Access
strtk5a-7260cx3-09,Ethernet68,strtk5a-7260cx3-fan-15,Ethernet18/1,100000,1305,Access
strtk5a-7260cx3-09,Ethernet72,strtk5a-7260cx3-fan-15,Ethernet19/1,100000,1306,Access
strtk5a-7260cx3-09,Ethernet76,strtk5a-7260cx3-fan-15,Ethernet20/1,100000,1307,Access
strtk5a-7260cx3-09,Ethernet80,strtk5a-7260cx3-fan-15,Ethernet21/1,50000,1308,Access
strtk5a-7260cx3-09,Ethernet82,strtk5a-7260cx3-fan-15,Ethernet21/3,50000,1309,Access
strtk5a-7260cx3-09,Ethernet84,strtk5a-7260cx3-fan-15,Ethernet22/1,50000,1310,Access
strtk5a-7260cx3-09,Ethernet86,strtk5a-7260cx3-fan-15,Ethernet22/3,50000,1311,Access
strtk5a-7260cx3-09,Ethernet88,strtk5a-7260cx3-fan-15,Ethernet23/1,50000,1312,Access
strtk5a-7260cx3-09,Ethernet90,strtk5a-7260cx3-fan-15,Ethernet23/3,50000,1313,Access
strtk5a-7260cx3-09,Ethernet92,strtk5a-7260cx3-fan-15,Ethernet24/1,50000,1314,Access
strtk5a-7260cx3-09,Ethernet94,strtk5a-7260cx3-fan-15,Ethernet24/3,50000,1315,Access
strtk5a-7260cx3-09,Ethernet96,strtk5a-7260cx3-fan-15,Ethernet25/1,50000,1316,Access
strtk5a-7260cx3-09,Ethernet98,strtk5a-7260cx3-fan-15,Ethernet25/3,50000,1317,Access
strtk5a-7260cx3-09,Ethernet100,strtk5a-7260cx3-fan-15,Ethernet26/1,50000,1318,Access
strtk5a-7260cx3-09,Ethernet102,strtk5a-7260cx3-fan-15,Ethernet26/3,50000,1319,Access
strtk5a-7260cx3-09,Ethernet104,strtk5a-7260cx3-fan-15,Ethernet27/1,50000,1320,Access
strtk5a-7260cx3-09,Ethernet106,strtk5a-7260cx3-fan-15,Ethernet27/3,50000,1321,Access
strtk5a-7260cx3-09,Ethernet108,strtk5a-7260cx3-fan-15,Ethernet28/1,50000,1322,Access
strtk5a-7260cx3-09,Ethernet110,strtk5a-7260cx3-fan-15,Ethernet28/3,50000,1323,Access
strtk5a-7260cx3-09,Ethernet112,strtk5a-7260cx3-fan-15,Ethernet29/1,50000,1324,Access
strtk5a-7260cx3-09,Ethernet114,strtk5a-7260cx3-fan-15,Ethernet29/3,50000,1325,Access
strtk5a-7260cx3-09,Ethernet116,strtk5a-7260cx3-fan-15,Ethernet30/1,50000,1326,Access
strtk5a-7260cx3-09,Ethernet118,strtk5a-7260cx3-fan-15,Ethernet30/3,50000,1327,Access
strtk5a-7260cx3-09,Ethernet120,strtk5a-7260cx3-fan-15,Ethernet31/1,50000,1328,Access
strtk5a-7260cx3-09,Ethernet122,strtk5a-7260cx3-fan-15,Ethernet31/3,50000,1329,Access
strtk5a-7260cx3-09,Ethernet124,strtk5a-7260cx3-fan-15,Ethernet32/1,50000,1330,Access
strtk5a-7260cx3-09,Ethernet126,strtk5a-7260cx3-fan-15,Ethernet32/3,50000,1331,Access
strtk5a-7260cx3-09,Ethernet128,strtk5a-7260cx3-fan-15,Ethernet33/1,50000,1332,Access
strtk5a-7260cx3-09,Ethernet130,strtk5a-7260cx3-fan-15,Ethernet33/3,50000,1333,Access
strtk5a-7260cx3-09,Ethernet132,strtk5a-7260cx3-fan-15,Ethernet34/1,50000,1334,Access
strtk5a-7260cx3-09,Ethernet134,strtk5a-7260cx3-fan-15,Ethernet34/3,50000,1335,Access
strtk5a-7260cx3-09,Ethernet136,strtk5a-7260cx3-fan-15,Ethernet35/1,50000,1336,Access
strtk5a-7260cx3-09,Ethernet138,strtk5a-7260cx3-fan-15,Ethernet35/3,50000,1337,Access
strtk5a-7260cx3-09,Ethernet140,strtk5a-7260cx3-fan-15,Ethernet36/1,50000,1338,Access
strtk5a-7260cx3-09,Ethernet142,strtk5a-7260cx3-fan-15,Ethernet36/3,50000,1339,Access
strtk5a-7260cx3-09,Ethernet144,strtk5a-7260cx3-fan-15,Ethernet37/1,50000,1340,Access
strtk5a-7260cx3-09,Ethernet146,strtk5a-7260cx3-fan-15,Ethernet37/3,50000,1341,Access
strtk5a-7260cx3-09,Ethernet148,strtk5a-7260cx3-fan-15,Ethernet38/1,50000,1342,Access
strtk5a-7260cx3-09,Ethernet150,strtk5a-7260cx3-fan-15,Ethernet38/3,50000,1343,Access
strtk5a-7260cx3-09,Ethernet152,strtk5a-7260cx3-fan-15,Ethernet39/1,50000,1344,Access
strtk5a-7260cx3-09,Ethernet154,strtk5a-7260cx3-fan-15,Ethernet39/3,50000,1345,Access
strtk5a-7260cx3-09,Ethernet156,strtk5a-7260cx3-fan-15,Ethernet40/1,50000,1346,Access
strtk5a-7260cx3-09,Ethernet158,strtk5a-7260cx3-fan-15,Ethernet40/3,50000,1347,Access
strtk5a-7260cx3-09,Ethernet160,strtk5a-7260cx3-fan-15,Ethernet41/1,50000,1348,Access
strtk5a-7260cx3-09,Ethernet162,strtk5a-7260cx3-fan-15,Ethernet41/3,50000,1349,Access
strtk5a-7260cx3-09,Ethernet164,strtk5a-7260cx3-fan-15,Ethernet42/1,50000,1350,Access
strtk5a-7260cx3-09,Ethernet166,strtk5a-7260cx3-fan-15,Ethernet42/3,50000,1351,Access
strtk5a-7260cx3-09,Ethernet168,strtk5a-7260cx3-fan-15,Ethernet43/1,50000,1352,Access
strtk5a-7260cx3-09,Ethernet170,strtk5a-7260cx3-fan-15,Ethernet43/3,50000,1353,Access
strtk5a-7260cx3-09,Ethernet172,strtk5a-7260cx3-fan-15,Ethernet44/1,50000,1354,Access
strtk5a-7260cx3-09,Ethernet174,strtk5a-7260cx3-fan-15,Ethernet44/3,50000,1355,Access
strtk5a-7260cx3-09,Ethernet176,strtk5a-7260cx3-fan-15,Ethernet45/1,50000,1356,Access
strtk5a-7260cx3-09,Ethernet178,strtk5a-7260cx3-fan-15,Ethernet45/3,50000,1357,Access
strtk5a-7260cx3-09,Ethernet180,strtk5a-7260cx3-fan-15,Ethernet46/1,50000,1358,Access
strtk5a-7260cx3-09,Ethernet182,strtk5a-7260cx3-fan-15,Ethernet46/3,50000,1359,Access
strtk5a-7260cx3-09,Ethernet184,strtk5a-7260cx3-fan-15,Ethernet47/1,50000,1360,Access
strtk5a-7260cx3-09,Ethernet186,strtk5a-7260cx3-fan-15,Ethernet47/3,50000,1361,Access
strtk5a-7260cx3-09,Ethernet188,strtk5a-7260cx3-fan-15,Ethernet48/1,50000,1362,Access
strtk5a-7260cx3-09,Ethernet190,strtk5a-7260cx3-fan-15,Ethernet48/3,50000,1363,Access
strtk5a-7260cx3-09,Ethernet192,strtk5a-7260cx3-fan-15,Ethernet49/1,50000,1364,Access
strtk5a-7260cx3-09,Ethernet194,strtk5a-7260cx3-fan-15,Ethernet49/3,50000,1365,Access
strtk5a-7260cx3-09,Ethernet196,strtk5a-7260cx3-fan-15,Ethernet50/1,50000,1366,Access
strtk5a-7260cx3-09,Ethernet198,strtk5a-7260cx3-fan-15,Ethernet50/3,50000,1367,Access
strtk5a-7260cx3-09,Ethernet200,strtk5a-7260cx3-fan-15,Ethernet51/1,50000,1368,Access
strtk5a-7260cx3-09,Ethernet202,strtk5a-7260cx3-fan-15,Ethernet51/3,50000,1369,Access
strtk5a-7260cx3-09,Ethernet204,strtk5a-7260cx3-fan-15,Ethernet52/1,50000,1370,Access
strtk5a-7260cx3-09,Ethernet206,strtk5a-7260cx3-fan-15,Ethernet52/3,50000,1371,Access
strtk5a-7260cx3-09,Ethernet208,strtk5a-7260cx3-fan-15,Ethernet53/1,50000,1372,Access
strtk5a-7260cx3-09,Ethernet210,strtk5a-7260cx3-fan-15,Ethernet53/3,50000,1373,Access
strtk5a-7260cx3-09,Ethernet212,strtk5a-7260cx3-fan-15,Ethernet54/1,50000,1374,Access
strtk5a-7260cx3-09,Ethernet214,strtk5a-7260cx3-fan-15,Ethernet54/3,50000,1375,Access
strtk5a-7260cx3-09,Ethernet216,strtk5a-7260cx3-fan-15,Ethernet55/1,50000,1376,Access
strtk5a-7260cx3-09,Ethernet218,strtk5a-7260cx3-fan-15,Ethernet55/3,50000,1377,Access
strtk5a-7260cx3-09,Ethernet220,strtk5a-7260cx3-fan-15,Ethernet56/1,50000,1378,Access
strtk5a-7260cx3-09,Ethernet222,strtk5a-7260cx3-fan-15,Ethernet56/3,50000,1379,Access
strtk5a-7260cx3-09,Ethernet224,strtk5a-7260cx3-fan-15,Ethernet57/1,50000,1380,Access
strtk5a-7260cx3-09,Ethernet226,strtk5a-7260cx3-fan-15,Ethernet57/3,50000,1381,Access
strtk5a-7260cx3-09,Ethernet228,strtk5a-7260cx3-fan-15,Ethernet58/1,50000,1382,Access
strtk5a-7260cx3-09,Ethernet230,strtk5a-7260cx3-fan-15,Ethernet58/3,50000,1383,Access
strtk5a-7260cx3-09,Ethernet232,strtk5a-7260cx3-fan-15,Ethernet59/1,50000,1384,Access
strtk5a-7260cx3-09,Ethernet234,strtk5a-7260cx3-fan-15,Ethernet59/3,50000,1385,Access
strtk5a-7260cx3-09,Ethernet236,strtk5a-7260cx3-fan-15,Ethernet60/1,50000,1386,Access
strtk5a-7260cx3-09,Ethernet238,strtk5a-7260cx3-fan-15,Ethernet60/3,50000,1387,Access
strtk5a-7260cx3-09,Ethernet240,strtk5a-7260cx3-fan-15,Ethernet61/1,50000,1388,Access
strtk5a-7260cx3-09,Ethernet242,strtk5a-7260cx3-fan-15,Ethernet61/3,50000,1389,Access
strtk5a-7260cx3-09,Ethernet244,strtk5a-7260cx3-fan-15,Ethernet62/1,50000,1390,Access
strtk5a-7260cx3-09,Ethernet246,strtk5a-7260cx3-fan-15,Ethernet62/3,50000,1391,Access
strtk5a-7260cx3-09,Ethernet248,strtk5a-7260cx3-fan-15,Ethernet63/1,50000,1392,Access
strtk5a-7260cx3-09,Ethernet250,strtk5a-7260cx3-fan-15,Ethernet63/3,50000,1393,Access
strtk5a-7260cx3-09,Ethernet252,strtk5a-7260cx3-fan-15,Ethernet64/1,50000,1394,Access
strtk5a-7260cx3-09,Ethernet254,strtk5a-7260cx3-fan-15,Ethernet64/3,50000,1395,Access

strtk5a-7050qx-01,Ethernet0,strtk5a-7260cx3-fan-16,Ethernet1/1,10000,1396,Access
strtk5a-7050qx-01,Ethernet1,strtk5a-7260cx3-fan-16,Ethernet2/1,10000,1397,Access
strtk5a-7050qx-01,Ethernet2,strtk5a-7260cx3-fan-16,Ethernet3/1,10000,1398,Access
strtk5a-7050qx-01,Ethernet3,strtk5a-7260cx3-fan-16,Ethernet4/1,10000,1399,Access
strtk5a-7050qx-01,Ethernet4,strtk5a-7260cx3-fan-16,Ethernet5/1,40000,1400,Access
strtk5a-7050qx-01,Ethernet8,strtk5a-7260cx3-fan-16,Ethernet6/1,40000,1401,Access
strtk5a-7050qx-01,Ethernet12,strtk5a-7260cx3-fan-16,Ethernet7/1,40000,1402,Access
strtk5a-7050qx-01,Ethernet16,strtk5a-7260cx3-fan-16,Ethernet8/1,40000,1403,Access
strtk5a-7050qx-01,Ethernet20,strtk5a-7260cx3-fan-16,Ethernet9/1,40000,1404,Access
strtk5a-7050qx-01,Ethernet24,strtk5a-7260cx3-fan-16,Ethernet10/1,40000,1405,Access
strtk5a-7050qx-01,Ethernet28,strtk5a-7260cx3-fan-16,Ethernet11/1,40000,1406,Access
strtk5a-7050qx-01,Ethernet32,strtk5a-7260cx3-fan-16,Ethernet12/1,40000,1407,Access
strtk5a-7050qx-01,Ethernet36,strtk5a-7260cx3-fan-16,Ethernet13/1,40000,1408,Access
strtk5a-7050qx-01,Ethernet40,strtk5a-7260cx3-fan-16,Ethernet14/1,40000,1409,Access
strtk5a-7050qx-01,Ethernet44,strtk5a-7260cx3-fan-16,Ethernet15/1,40000,1410,Access
strtk5a-7050qx-01,Ethernet48,strtk5a-7260cx3-fan-16,Ethernet16/1,40000,1411,Access
strtk5a-7050qx-01,Ethernet52,strtk5a-7260cx3-fan-16,Ethernet17/1,40000,1412,Access
strtk5a-7050qx-01,Ethernet56,strtk5a-7260cx3-fan-16,Ethernet18/1,40000,1413,Access
strtk5a-7050qx-01,Ethernet60,strtk5a-7260cx3-fan-16,Ethernet19/1,40000,1414,Access
strtk5a-7050qx-01,Ethernet64,strtk5a-7260cx3-fan-16,Ethernet20/1,40000,1415,Access
strtk5a-7050qx-01,Ethernet68,strtk5a-7260cx3-fan-16,Ethernet21/1,40000,1416,Access
strtk5a-7050qx-01,Ethernet72,strtk5a-7260cx3-fan-16,Ethernet22/1,40000,1417,Access
strtk5a-7050qx-01,Ethernet76,strtk5a-7260cx3-fan-16,Ethernet23/1,40000,1418,Access
strtk5a-7050qx-01,Ethernet80,strtk5a-7260cx3-fan-16,Ethernet24/1,40000,1419,Access
strtk5a-7050qx-01,Ethernet84,strtk5a-7260cx3-fan-16,Ethernet25/1,40000,1420,Access
strtk5a-7050qx-01,Ethernet88,strtk5a-7260cx3-fan-16,Ethernet26/1,40000,1421,Access
strtk5a-7050qx-01,Ethernet92,strtk5a-7260cx3-fan-16,Ethernet27/1,40000,1422,Access
strtk5a-7050qx-01,Ethernet96,strtk5a-7260cx3-fan-16,Ethernet28/1,40000,1423,Access
strtk5a-7050qx-01,Ethernet100,strtk5a-7260cx3-fan-16,Ethernet29/1,40000,1424,Access
strtk5a-7050qx-01,Ethernet104,strtk5a-7260cx3-fan-16,Ethernet30/1,40000,1425,Access
strtk5a-7050qx-01,Ethernet108,strtk5a-7260cx3-fan-16,Ethernet31/1,40000,1426,Access
strtk5a-7050qx-01,Ethernet112,strtk5a-7260cx3-fan-16,Ethernet32/1,40000,1427,Access
strtk5a-7050qx-01,Ethernet116,strtk5a-7260cx3-fan-16,Ethernet33/1,40000,1428,Access
strtk5a-7050qx-01,Ethernet120,strtk5a-7260cx3-fan-16,Ethernet34/1,40000,1429,Access
strtk5a-7050qx-01,Ethernet124,strtk5a-7260cx3-fan-16,Ethernet35/1,40000,1430,Access

strtk5a-7050-03,Ethernet0,strtk5a-7260cx3-fan-17,Ethernet1/1,100000,1460,Access
strtk5a-7050-03,Ethernet4,strtk5a-7260cx3-fan-17,Ethernet2/1,100000,1461,Access
strtk5a-7050-03,Ethernet8,strtk5a-7260cx3-fan-17,Ethernet3/1,100000,1462,Access
strtk5a-7050-03,Ethernet12,strtk5a-7260cx3-fan-17,Ethernet4/1,100000,1463,Access
strtk5a-7050-03,Ethernet16,strtk5a-7260cx3-fan-17,Ethernet5/1,100000,1464,Access
strtk5a-7050-03,Ethernet20,strtk5a-7260cx3-fan-17,Ethernet6/1,100000,1465,Access
strtk5a-7050-03,Ethernet24,strtk5a-7260cx3-fan-17,Ethernet7/1,100000,1466,Access
strtk5a-7050-03,Ethernet28,strtk5a-7260cx3-fan-17,Ethernet8/1,100000,1467,Access
strtk5a-7050-03,Ethernet32,strtk5a-7260cx3-fan-17,Ethernet9/1,100000,1468,Access
strtk5a-7050-03,Ethernet36,strtk5a-7260cx3-fan-17,Ethernet10/1,100000,1469,Access
strtk5a-7050-03,Ethernet40,strtk5a-7260cx3-fan-17,Ethernet11/1,100000,1470,Access
strtk5a-7050-03,Ethernet44,strtk5a-7260cx3-fan-17,Ethernet12/1,100000,1471,Access
strtk5a-7050-03,Ethernet48,strtk5a-7260cx3-fan-17,Ethernet13/1,100000,1472,Access
strtk5a-7050-03,Ethernet52,strtk5a-7260cx3-fan-17,Ethernet14/1,100000,1473,Access
strtk5a-7050-03,Ethernet56,strtk5a-7260cx3-fan-17,Ethernet15/1,100000,1474,Access
strtk5a-7050-03,Ethernet60,strtk5a-7260cx3-fan-17,Ethernet16/1,100000,1475,Access
strtk5a-7050-03,Ethernet64,strtk5a-7260cx3-fan-17,Ethernet17/1,100000,1476,Access
strtk5a-7050-03,Ethernet68,strtk5a-7260cx3-fan-17,Ethernet18/1,100000,1477,Access
strtk5a-7050-03,Ethernet72,strtk5a-7260cx3-fan-17,Ethernet19/1,100000,1478,Access
strtk5a-7050-03,Ethernet76,strtk5a-7260cx3-fan-17,Ethernet20/1,100000,1479,Access
strtk5a-7050-03,Ethernet80,strtk5a-7260cx3-fan-17,Ethernet21/1,100000,1480,Access
strtk5a-7050-03,Ethernet84,strtk5a-7260cx3-fan-17,Ethernet22/1,100000,1481,Access
strtk5a-7050-03,Ethernet88,strtk5a-7260cx3-fan-17,Ethernet23/1,100000,1482,Access
strtk5a-7050-03,Ethernet92,strtk5a-7260cx3-fan-17,Ethernet24/1,100000,1483,Access
strtk5a-7050-03,Ethernet96,strtk5a-7260cx3-fan-17,Ethernet25/1,100000,1484,Access
strtk5a-7050-03,Ethernet100,strtk5a-7260cx3-fan-17,Ethernet26/1,100000,1485,Access
strtk5a-7050-03,Ethernet104,strtk5a-7260cx3-fan-17,Ethernet27/1,100000,1486,Access
strtk5a-7050-03,Ethernet108,strtk5a-7260cx3-fan-17,Ethernet28/1,100000,1487,Access
strtk5a-7050-03,Ethernet112,strtk5a-7260cx3-fan-17,Ethernet29/1,100000,1488,Access
strtk5a-7050-03,Ethernet116,strtk5a-7260cx3-fan-17,Ethernet30/1,100000,1489,Access
strtk5a-7050-03,Ethernet120,strtk5a-7260cx3-fan-17,Ethernet31/1,100000,1490,Access
strtk5a-7050-03,Ethernet124,strtk5a-7260cx3-fan-17,Ethernet32/1,100000,1491,Access
strtk5a-7050-04,Ethernet0,strtk5a-7260cx3-fan-17,Ethernet33/1,100000,1492,Access
strtk5a-7050-04,Ethernet4,strtk5a-7260cx3-fan-17,Ethernet34/1,100000,1493,Access
strtk5a-7050-04,Ethernet8,strtk5a-7260cx3-fan-17,Ethernet35/1,100000,1494,Access
strtk5a-7050-04,Ethernet12,strtk5a-7260cx3-fan-17,Ethernet36/1,100000,1495,Access
strtk5a-7050-04,Ethernet16,strtk5a-7260cx3-fan-17,Ethernet37/1,100000,1496,Access
strtk5a-7050-04,Ethernet20,strtk5a-7260cx3-fan-17,Ethernet38/1,100000,1497,Access
strtk5a-7050-04,Ethernet24,strtk5a-7260cx3-fan-17,Ethernet39/1,100000,1498,Access
strtk5a-7050-04,Ethernet28,strtk5a-7260cx3-fan-17,Ethernet40/1,100000,1499,Access
strtk5a-7050-04,Ethernet32,strtk5a-7260cx3-fan-17,Ethernet41/1,100000,1500,Access
strtk5a-7050-04,Ethernet36,strtk5a-7260cx3-fan-17,Ethernet42/1,100000,1501,Access
strtk5a-7050-04,Ethernet40,strtk5a-7260cx3-fan-17,Ethernet43/1,100000,1502,Access
strtk5a-7050-04,Ethernet44,strtk5a-7260cx3-fan-17,Ethernet44/1,100000,1503,Access
strtk5a-7050-04,Ethernet48,strtk5a-7260cx3-fan-17,Ethernet45/1,100000,1504,Access
strtk5a-7050-04,Ethernet52,strtk5a-7260cx3-fan-17,Ethernet46/1,100000,1505,Access
strtk5a-7050-04,Ethernet56,strtk5a-7260cx3-fan-17,Ethernet47/1,100000,1506,Access
strtk5a-7050-04,Ethernet60,strtk5a-7260cx3-fan-17,Ethernet48/1,100000,1507,Access
strtk5a-7050-04,Ethernet64,strtk5a-7260cx3-fan-17,Ethernet49/1,100000,1508,Access
strtk5a-7050-04,Ethernet68,strtk5a-7260cx3-fan-17,Ethernet50/1,100000,1509,Access
strtk5a-7050-04,Ethernet72,strtk5a-7260cx3-fan-17,Ethernet51/1,100000,1510,Access
strtk5a-7050-04,Ethernet76,strtk5a-7260cx3-fan-17,Ethernet52/1,100000,1511,Access
strtk5a-7050-04,Ethernet80,strtk5a-7260cx3-fan-17,Ethernet53/1,100000,1512,Access
strtk5a-7050-04,Ethernet84,strtk5a-7260cx3-fan-17,Ethernet54/1,100000,1513,Access
strtk5a-7050-04,Ethernet88,strtk5a-7260cx3-fan-17,Ethernet55/1,100000,1514,Access
strtk5a-7050-04,Ethernet92,strtk5a-7260cx3-fan-17,Ethernet56/1,100000,1515,Access
strtk5a-7050-04,Ethernet96,strtk5a-7260cx3-fan-17,Ethernet57/1,100000,1516,Access
strtk5a-7050-04,Ethernet100,strtk5a-7260cx3-fan-17,Ethernet58/1,100000,1517,Access
strtk5a-7050-04,Ethernet104,strtk5a-7260cx3-fan-17,Ethernet59/1,100000,1518,Access
strtk5a-7050-04,Ethernet108,strtk5a-7260cx3-fan-17,Ethernet60/1,100000,1519,Access
strtk5a-7050-04,Ethernet112,strtk5a-7260cx3-fan-17,Ethernet61/1,100000,1520,Access
strtk5a-7050-04,Ethernet116,strtk5a-7260cx3-fan-17,Ethernet62/1,100000,1521,Access
strtk5a-7050-04,Ethernet120,strtk5a-7260cx3-fan-17,Ethernet63/1,100000,1522,Access
strtk5a-7050-04,Ethernet124,strtk5a-7260cx3-fan-17,Ethernet64/1,100000,1523,Access

strtk5a-7050-05,Ethernet0,strtk5a-7260cx3-fan-18,Ethernet1/1,100000,1524,Access
strtk5a-7050-05,Ethernet4,strtk5a-7260cx3-fan-18,Ethernet2/1,100000,1525,Access
strtk5a-7050-05,Ethernet8,strtk5a-7260cx3-fan-18,Ethernet3/1,100000,1526,Access
strtk5a-7050-05,Ethernet12,strtk5a-7260cx3-fan-18,Ethernet4/1,100000,1527,Access
strtk5a-7050-05,Ethernet16,strtk5a-7260cx3-fan-18,Ethernet5/1,100000,1528,Access
strtk5a-7050-05,Ethernet20,strtk5a-7260cx3-fan-18,Ethernet6/1,100000,1529,Access
strtk5a-7050-05,Ethernet24,strtk5a-7260cx3-fan-18,Ethernet7/1,100000,1530,Access
strtk5a-7050-05,Ethernet28,strtk5a-7260cx3-fan-18,Ethernet8/1,100000,1531,Access
strtk5a-7050-05,Ethernet32,strtk5a-7260cx3-fan-18,Ethernet9/1,100000,1532,Access
strtk5a-7050-05,Ethernet36,strtk5a-7260cx3-fan-18,Ethernet10/1,100000,1533,Access
strtk5a-7050-05,Ethernet40,strtk5a-7260cx3-fan-18,Ethernet11/1,100000,1534,Access
strtk5a-7050-05,Ethernet44,strtk5a-7260cx3-fan-18,Ethernet12/1,100000,1535,Access
strtk5a-7050-05,Ethernet48,strtk5a-7260cx3-fan-18,Ethernet13/1,100000,1536,Access
strtk5a-7050-05,Ethernet52,strtk5a-7260cx3-fan-18,Ethernet14/1,100000,1537,Access
strtk5a-7050-05,Ethernet56,strtk5a-7260cx3-fan-18,Ethernet15/1,100000,1538,Access
strtk5a-7050-05,Ethernet60,strtk5a-7260cx3-fan-18,Ethernet16/1,100000,1539,Access
strtk5a-7050-05,Ethernet64,strtk5a-7260cx3-fan-18,Ethernet17/1,100000,1540,Access
strtk5a-7050-05,Ethernet68,strtk5a-7260cx3-fan-18,Ethernet18/1,100000,1541,Access
strtk5a-7050-05,Ethernet72,strtk5a-7260cx3-fan-18,Ethernet19/1,100000,1542,Access
strtk5a-7050-05,Ethernet76,strtk5a-7260cx3-fan-18,Ethernet20/1,100000,1543,Access
strtk5a-7050-05,Ethernet80,strtk5a-7260cx3-fan-18,Ethernet21/1,100000,1544,Access
strtk5a-7050-05,Ethernet84,strtk5a-7260cx3-fan-18,Ethernet22/1,100000,1545,Access
strtk5a-7050-05,Ethernet88,strtk5a-7260cx3-fan-18,Ethernet23/1,100000,1546,Access
strtk5a-7050-05,Ethernet92,strtk5a-7260cx3-fan-18,Ethernet24/1,100000,1547,Access
strtk5a-7050-05,Ethernet96,strtk5a-7260cx3-fan-18,Ethernet25/1,100000,1548,Access
strtk5a-7050-05,Ethernet100,strtk5a-7260cx3-fan-18,Ethernet26/1,100000,1549,Access
strtk5a-7050-05,Ethernet104,strtk5a-7260cx3-fan-18,Ethernet27/1,100000,1550,Access
strtk5a-7050-05,Ethernet108,strtk5a-7260cx3-fan-18,Ethernet28/1,100000,1551,Access
strtk5a-7050-05,Ethernet112,strtk5a-7260cx3-fan-18,Ethernet29/1,100000,1552,Access
strtk5a-7050-05,Ethernet116,strtk5a-7260cx3-fan-18,Ethernet30/1,100000,1553,Access
strtk5a-7050-05,Ethernet120,strtk5a-7260cx3-fan-18,Ethernet31/1,100000,1554,Access
strtk5a-7050-05,Ethernet124,strtk5a-7260cx3-fan-18,Ethernet32/1,100000,1555,Access
strtk5a-7050-06,Ethernet0,strtk5a-7260cx3-fan-18,Ethernet33/1,100000,1556,Access
strtk5a-7050-06,Ethernet4,strtk5a-7260cx3-fan-18,Ethernet34/1,100000,1557,Access
strtk5a-7050-06,Ethernet8,strtk5a-7260cx3-fan-18,Ethernet35/1,100000,1558,Access
strtk5a-7050-06,Ethernet12,strtk5a-7260cx3-fan-18,Ethernet36/1,100000,1559,Access
strtk5a-7050-06,Ethernet16,strtk5a-7260cx3-fan-18,Ethernet37/1,100000,1560,Access
strtk5a-7050-06,Ethernet20,strtk5a-7260cx3-fan-18,Ethernet38/1,100000,1561,Access
strtk5a-7050-06,Ethernet24,strtk5a-7260cx3-fan-18,Ethernet39/1,100000,1562,Access
strtk5a-7050-06,Ethernet28,strtk5a-7260cx3-fan-18,Ethernet40/1,100000,1563,Access
strtk5a-7050-06,Ethernet32,strtk5a-7260cx3-fan-18,Ethernet41/1,100000,1564,Access
strtk5a-7050-06,Ethernet36,strtk5a-7260cx3-fan-18,Ethernet42/1,100000,1565,Access
strtk5a-7050-06,Ethernet40,strtk5a-7260cx3-fan-18,Ethernet43/1,100000,1566,Access
strtk5a-7050-06,Ethernet44,strtk5a-7260cx3-fan-18,Ethernet44/1,100000,1567,Access
strtk5a-7050-06,Ethernet48,strtk5a-7260cx3-fan-18,Ethernet45/1,100000,1568,Access
strtk5a-7050-06,Ethernet52,strtk5a-7260cx3-fan-18,Ethernet46/1,100000,1569,Access
strtk5a-7050-06,Ethernet56,strtk5a-7260cx3-fan-18,Ethernet47/1,100000,1570,Access
strtk5a-7050-06,Ethernet60,strtk5a-7260cx3-fan-18,Ethernet48/1,100000,1571,Access
strtk5a-7050-06,Ethernet64,strtk5a-7260cx3-fan-18,Ethernet49/1,100000,1572,Access
strtk5a-7050-06,Ethernet68,strtk5a-7260cx3-fan-18,Ethernet50/1,100000,1573,Access
strtk5a-7050-06,Ethernet72,strtk5a-7260cx3-fan-18,Ethernet51/1,100000,1574,Access
strtk5a-7050-06,Ethernet76,strtk5a-7260cx3-fan-18,Ethernet52/1,100000,1575,Access
strtk5a-7050-06,Ethernet80,strtk5a-7260cx3-fan-18,Ethernet53/1,100000,1576,Access
strtk5a-7050-06,Ethernet84,strtk5a-7260cx3-fan-18,Ethernet54/1,100000,1577,Access
strtk5a-7050-06,Ethernet88,strtk5a-7260cx3-fan-18,Ethernet55/1,100000,1578,Access
strtk5a-7050-06,Ethernet92,strtk5a-7260cx3-fan-18,Ethernet56/1,100000,1579,Access
strtk5a-7050-06,Ethernet96,strtk5a-7260cx3-fan-18,Ethernet57/1,100000,1580,Access
strtk5a-7050-06,Ethernet100,strtk5a-7260cx3-fan-18,Ethernet58/1,100000,1581,Access
strtk5a-7050-06,Ethernet104,strtk5a-7260cx3-fan-18,Ethernet59/1,100000,1582,Access
strtk5a-7050-06,Ethernet108,strtk5a-7260cx3-fan-18,Ethernet60/1,100000,1583,Access
strtk5a-7050-06,Ethernet112,strtk5a-7260cx3-fan-18,Ethernet61/1,100000,1584,Access
strtk5a-7050-06,Ethernet116,strtk5a-7260cx3-fan-18,Ethernet62/1,100000,1585,Access
strtk5a-7050-06,Ethernet120,strtk5a-7260cx3-fan-18,Ethernet63/1,100000,1586,Access
strtk5a-7050-06,Ethernet124,strtk5a-7260cx3-fan-18,Ethernet64/1,100000,1587,Access

strtk5a-7050c-01,Ethernet0,strtk5a-7050c-fan-01,Ethernet0,100000,1588,Access
strtk5a-7050c-01,Ethernet4,strtk5a-7050c-fan-01,Ethernet4,100000,1589,Access
strtk5a-7050c-01,Ethernet8,strtk5a-7050c-fan-01,Ethernet8,100000,1590,Access
strtk5a-7050c-01,Ethernet12,strtk5a-7050c-fan-01,Ethernet12,100000,1591,Access
strtk5a-7050c-01,Ethernet16,strtk5a-7050c-fan-01,Ethernet16,100000,1592,Access
strtk5a-7050c-01,Ethernet20,strtk5a-7050c-fan-01,Ethernet20,100000,1593,Access
strtk5a-7050c-01,Ethernet24,strtk5a-7050c-fan-01,Ethernet24,100000,1594,Access
strtk5a-7050c-01,Ethernet28,strtk5a-7050c-fan-01,Ethernet28,100000,1595,Access
strtk5a-7050c-01,Ethernet32,strtk5a-7050c-fan-01,Ethernet32,100000,1596,Access
strtk5a-7050c-01,Ethernet36,strtk5a-7050c-fan-01,Ethernet36,100000,1597,Access
strtk5a-7050c-01,Ethernet40,strtk5a-7050c-fan-01,Ethernet40,100000,1598,Access
strtk5a-7050c-01,Ethernet44,strtk5a-7050c-fan-01,Ethernet44,100000,1599,Access
strtk5a-7050c-01,Ethernet48,strtk5a-7050c-fan-01,Ethernet48,100000,1600,Access
strtk5a-7050c-01,Ethernet52,strtk5a-7050c-fan-01,Ethernet52,100000,1601,Access
strtk5a-7050c-01,Ethernet56,strtk5a-7050c-fan-01,Ethernet56,100000,1602,Access
strtk5a-7050c-01,Ethernet60,strtk5a-7050c-fan-01,Ethernet60,100000,1603,Access
strtk5a-7050c-01,Ethernet64,strtk5a-7050c-fan-01,Ethernet64,100000,1604,Access
strtk5a-7050c-01,Ethernet68,strtk5a-7050c-fan-01,Ethernet68,100000,1605,Access
strtk5a-7050c-01,Ethernet72,strtk5a-7050c-fan-01,Ethernet72,100000,1606,Access
strtk5a-7050c-01,Ethernet76,strtk5a-7050c-fan-01,Ethernet76,100000,1607,Access
strtk5a-7050c-01,Ethernet80,strtk5a-7050c-fan-01,Ethernet80,100000,1608,Access
strtk5a-7050c-01,Ethernet84,strtk5a-7050c-fan-01,Ethernet84,100000,1609,Access
strtk5a-7050c-01,Ethernet88,strtk5a-7050c-fan-01,Ethernet88,100000,1610,Access
strtk5a-7050c-01,Ethernet92,strtk5a-7050c-fan-01,Ethernet92,100000,1611,Access
strtk5a-7050c-01,Ethernet96,strtk5a-7050c-fan-01,Ethernet96,100000,1612,Access
strtk5a-7050c-01,Ethernet100,strtk5a-7050c-fan-01,Ethernet100,100000,1613,Access
strtk5a-7050c-01,Ethernet104,strtk5a-7050c-fan-01,Ethernet104,100000,1614,Access
strtk5a-7050c-01,Ethernet108,strtk5a-7050c-fan-01,Ethernet108,100000,1615,Access
strtk5a-7050c-01,Ethernet112,strtk5a-7050c-fan-01,Ethernet112,100000,1616,Access
strtk5a-7050c-01,Ethernet116,strtk5a-7050c-fan-01,Ethernet116,100000,1617,Access
strtk5a-7050c-01,Ethernet120,strtk5a-7050c-fan-01,Ethernet120,100000,1618,Access
strtk5a-7050c-01,Ethernet124,strtk5a-7050c-fan-01,Ethernet124,100000,1619,Access

strtk5a-7050c-02,Ethernet0,strtk5a-7050c-fan-02,Ethernet0,100000,1620,Access
strtk5a-7050c-02,Ethernet4,strtk5a-7050c-fan-02,Ethernet4,100000,1621,Access
strtk5a-7050c-02,Ethernet8,strtk5a-7050c-fan-02,Ethernet8,100000,1622,Access
strtk5a-7050c-02,Ethernet12,strtk5a-7050c-fan-02,Ethernet12,100000,1623,Access
strtk5a-7050c-02,Ethernet16,strtk5a-7050c-fan-02,Ethernet16,100000,1624,Access
strtk5a-7050c-02,Ethernet20,strtk5a-7050c-fan-02,Ethernet20,100000,1625,Access
strtk5a-7050c-02,Ethernet24,strtk5a-7050c-fan-02,Ethernet24,100000,1626,Access
strtk5a-7050c-02,Ethernet28,strtk5a-7050c-fan-02,Ethernet28,100000,1627,Access
strtk5a-7050c-02,Ethernet32,strtk5a-7050c-fan-02,Ethernet32,100000,1628,Access
strtk5a-7050c-02,Ethernet36,strtk5a-7050c-fan-02,Ethernet36,100000,1629,Access
strtk5a-7050c-02,Ethernet40,strtk5a-7050c-fan-02,Ethernet40,100000,1630,Access
strtk5a-7050c-02,Ethernet44,strtk5a-7050c-fan-02,Ethernet44,100000,1631,Access
strtk5a-7050c-02,Ethernet48,strtk5a-7050c-fan-02,Ethernet48,100000,1632,Access
strtk5a-7050c-02,Ethernet52,strtk5a-7050c-fan-02,Ethernet52,100000,1633,Access
strtk5a-7050c-02,Ethernet56,strtk5a-7050c-fan-02,Ethernet56,100000,1634,Access
strtk5a-7050c-02,Ethernet60,strtk5a-7050c-fan-02,Ethernet60,100000,1635,Access
strtk5a-7050c-02,Ethernet64,strtk5a-7050c-fan-02,Ethernet64,100000,1636,Access
strtk5a-7050c-02,Ethernet68,strtk5a-7050c-fan-02,Ethernet68,100000,1637,Access
strtk5a-7050c-02,Ethernet72,strtk5a-7050c-fan-02,Ethernet72,100000,1638,Access
strtk5a-7050c-02,Ethernet76,strtk5a-7050c-fan-02,Ethernet76,100000,1639,Access
strtk5a-7050c-02,Ethernet80,strtk5a-7050c-fan-02,Ethernet80,100000,1640,Access
strtk5a-7050c-02,Ethernet84,strtk5a-7050c-fan-02,Ethernet84,100000,1641,Access
strtk5a-7050c-02,Ethernet88,strtk5a-7050c-fan-02,Ethernet88,100000,1642,Access
strtk5a-7050c-02,Ethernet92,strtk5a-7050c-fan-02,Ethernet92,100000,1643,Access
strtk5a-7050c-02,Ethernet96,strtk5a-7050c-fan-02,Ethernet96,100000,1644,Access
strtk5a-7050c-02,Ethernet100,strtk5a-7050c-fan-02,Ethernet100,100000,1645,Access
strtk5a-7050c-02,Ethernet104,strtk5a-7050c-fan-02,Ethernet104,100000,1646,Access
strtk5a-7050c-02,Ethernet108,strtk5a-7050c-fan-02,Ethernet108,100000,1647,Access
strtk5a-7050c-02,Ethernet112,strtk5a-7050c-fan-02,Ethernet112,100000,1648,Access
strtk5a-7050c-02,Ethernet116,strtk5a-7050c-fan-02,Ethernet116,100000,1649,Access
strtk5a-7050c-02,Ethernet120,strtk5a-7050c-fan-02,Ethernet120,100000,1650,Access
strtk5a-7050c-02,Ethernet124,strtk5a-7050c-fan-02,Ethernet124,100000,1651,Access
